AREA,DISTANCE_F_C_C,FLOOR,MAX_FLOOR,ROOMS,WINDOWS,PRICE,PREDICTION,UNCERTAINTY
23.9,8300,1,3,1,2,33530,23300.59164,-10229.40836
34.7,2400,4,8,4,5,75220,80750.15473,5530.15473
43.5,5700,1,5,1,5,78020,76180.84697,-1839.153027
67.7,1300,2,4,2,6,188570,149012.0134,-39557.98658
54.8,6200,7,9,4,6,70950,93999.55551,23049.55551
42.8,2500,2,2,1,2,94290,95160.49205,870.4920493
55.8,8500,6,7,4,8,85420,81280.77846,-4139.221542
35.5,9500,2,11,2,4,44410,37240.29285,-7169.707152
34.3,5800,2,2,4,6,40590,58460.00209,17870.00209
38.5,1800,1,2,1,2,74250,91610.32431,17360.32431
73.1,3900,6,7,1,3,121570,142564.1023,20994.10231
26.1,9700,6,11,3,6,46730,18514.247,-28215.753
68.9,1200,3,5,3,7,158130,151874.5081,-6255.49185
45.5,5000,3,9,4,5,67430,84331.62998,16901.62998
83.6,7300,1,1,4,8,129710,140518.4518,10808.45176
51.9,8500,4,4,1,3,65950,74037.33276,8087.332759
21.1,1700,3,3,1,5,53790,59927.15494,6137.154939
49.3,600,2,6,3,7,144900,119274.0035,-25625.99647
90.3,2900,2,5,3,6,194130,180846.9772,-13283.02276
57.1,7800,5,7,2,3,104310,88131.45583,-16178.54417
66.1,4100,10,12,5,8,150260,128295.5615,-21964.43849
47.9,6900,2,12,2,3,85640,76748.03304,-8891.96696
72,6600,1,1,6,7,103350,123410.0395,20060.0395
37.3,4700,3,10,4,6,69160,71003.0477,1843.047703
24.2,3000,1,5,1,4,48760,57446.1169,8686.116896
23.7,6300,3,8,1,3,34170,35603.97709,1433.977087
40.2,5600,2,8,1,2,71720,70685.51975,-1034.480255
26.3,1700,7,12,2,6,56660,69585.08254,12925.08254
27.8,6200,3,3,1,5,46210,43852.62375,-2357.37625
30.2,8400,7,7,1,5,40680,34367.80018,-6312.19982
57.8,3900,4,4,1,5,117920,114147.5076,-3772.492352
60.4,1600,1,6,3,6,149100,133552.5423,-15547.45773
93.7,9900,5,5,5,6,112910,142799.8214,29889.82137
64.4,4300,3,12,4,8,126270,123870.6777,-2399.322316
73,7900,5,11,3,5,129260,117028.6845,-12231.31546
65.4,9100,9,10,5,6,77450,95308.34538,17858.34538
56.6,4000,4,4,1,3,87200,111285.0129,24085.01292
20.6,4500,1,3,2,5,34200,41253.72618,7053.72618
49.8,200,3,5,3,7,137860,122737.6193,-15122.38074
65.9,300,7,10,2,6,172220,152006.3067,-20213.69327
96,2900,5,5,7,8,170460,191433.5517,20973.55172
49,4300,2,12,1,5,101290,95268.35364,-6021.646359
53.3,8100,5,5,4,7,68540,79172.51287,10632.51287
66,4400,1,1,1,2,147900,126208.6055,-21691.39449
94.1,7400,5,9,2,3,169130,159386.2941,-9743.705879
37.2,9700,1,4,1,3,51390,39130.20784,-12259.79216
67.9,7600,2,8,1,5,128620,109457.713,-19162.28705
55,4400,7,7,5,8,114390,105778.374,-8611.625955
75.4,7900,2,2,3,7,95070,121486.1896,26416.18959
23.1,8800,2,11,3,5,30870,18646.04558,-12223.95442
98.6,9700,8,11,3,5,166260,153168.0453,-13091.95474
51.9,1100,10,12,3,5,120840,120934.2563,94.2562852
63.8,8800,5,5,2,6,94340,94237.90198,-102.0980188
47.6,6600,5,5,1,4,84350,78092.07154,-6257.928462
94.4,4200,2,4,3,5,218190,180223.233,-37966.76703
45.4,900,2,10,3,4,109930,110129.3312,199.3312059
64.9,7400,2,3,5,6,105250,105153.3161,-96.68393538
56,9600,1,11,4,8,70400,74681.0729,4281.072904
43.6,8100,6,7,1,5,70670,61156.76331,-9513.236685
51.2,8800,1,2,2,4,84230,70836.00049,-13393.99951
39.6,2900,2,3,2,5,88490,86682.18315,-1807.816851
21.6,6400,4,4,2,3,26740,31069.91796,4329.917962
92.9,2400,1,2,3,5,150240,188844.6521,38604.65209
37.5,6200,1,7,1,2,44710,61868.37331,17158.37331
67.3,7700,7,9,1,5,123900,107709.5945,-16190.40552
29.2,5100,1,5,1,5,35500,53423.99933,17923.99933
46.7,2700,5,12,1,3,92320,101136.4533,8816.453329
43.3,3300,6,10,1,4,78110,91019.20126,12909.20126
65.5,3500,3,3,5,9,151080,130983.6385,-20096.36149
36.9,8000,5,12,1,2,58260,49346.63727,-8913.362728
60.2,9800,3,6,1,4,96420,81214.22231,-15205.77769
61.9,4100,3,5,2,4,148240,120494.9277,-27745.07232
35.1,7800,2,3,4,7,52500,47270.99291,-5229.007093
43.1,8500,4,9,1,4,55030,57693.14759,2663.147591
57.4,2500,5,9,2,5,105070,122276.9811,17206.98108
48.4,800,1,1,5,7,125360,116334.9547,-9025.045277
86.6,5700,1,1,1,4,109890,156230.2084,46340.20842
50.6,2200,1,8,1,4,85340,111548.6101,26208.61008
37,9400,3,3,2,4,65600,40659.97571,-24940.02429
63.6,5300,1,1,1,3,92380,116047.4206,23667.42057
36.8,9900,2,10,1,3,55970,37119.80591,-18850.19409
23.6,3100,1,1,3,6,49420,55697.99842,6277.998424
25.7,5800,1,3,1,5,39080,42487.27567,3407.275674
29.4,9500,3,3,3,7,41250,25910.80086,-15339.19914
82.4,8500,1,12,1,4,140080,130684.7927,-9395.207285
36.5,8000,1,1,4,6,53700,48603.71976,-5096.280236
56.9,6500,3,5,4,6,97730,95998.6458,-1731.3542
51.7,7100,11,12,4,7,92680,82538.26494,-10141.73506
62.9,4000,5,8,5,7,105160,122985.9637,17825.96366
66.2,5100,10,10,4,8,94370,122143.8688,27773.86879
58.8,8900,5,5,1,4,74930,84317.69093,9387.690926
69.4,6800,6,9,2,4,102120,117313.5913,15193.59128
67.7,7800,5,9,2,4,126050,107818.7698,-18231.23022
37.2,9900,3,6,4,6,51340,37862.72342,-13477.27658
92.5,7300,4,4,4,7,139360,157048.3663,17688.3663
43.6,8100,9,9,1,3,77340,61156.76331,-16183.23669
29,9700,8,11,2,4,50600,23900.39893,-26699.60107
41.6,2200,1,1,2,6,87190,94832.96616,7642.966156
74.2,100,2,2,6,7,174090,168689.3294,-5400.670566
52.5,3700,1,1,4,7,127290,105571.3351,-21718.66491
62.1,3500,1,1,1,5,106910,124668.8397,17758.83969
40.4,9200,3,7,1,4,71500,48242.25895,-23257.74105
96,5600,7,7,2,3,165360,174322.5121,8962.512059
58.8,800,4,5,5,8,139230,135650.8099,-3579.190079
44.7,2000,7,7,1,4,86370,101858.0613,15488.06126
42.2,2000,6,9,1,3,91560,97214.82684,5654.826837
34.6,4400,4,5,2,5,56140,67889.58116,11749.58116
57.2,1200,1,2,4,6,155720,130144.1711,-25575.82895
89,4000,2,6,6,7,183720,171461.331,-12258.66897
22.8,400,5,6,1,5,62680,71323.20307,8643.203074
51.8,9900,1,1,2,5,85870,64979.21244,-20890.78756
54.8,2800,9,12,5,6,122490,115546.7906,-6943.209351
34.2,800,2,3,1,2,81560,89961.3832,8401.383202
50.4,6300,1,1,4,7,86680,85193.72072,-1486.279279
25.3,2900,1,5,2,3,40480,60122.88225,19642.88225
67.5,9000,4,6,3,7,85860,99842.40451,13982.40451
52.3,2400,3,7,1,3,115160,113438.5251,-1721.474935
60.4,2000,12,12,5,6,136330,131017.5734,-5312.426566
73.8,5600,2,4,5,8,133550,133090.5904,-459.409614
61.6,2500,8,8,1,5,129340,130077.6149,737.6149077
60.8,2000,1,4,5,7,126290,131760.4909,5470.490942
55.4,8900,2,4,2,6,74050,78002.89211,3952.892111
28.2,3100,1,10,3,4,59000,64241.54976,5241.549762
64.6,9000,5,8,2,6,111500,94456.25258,-17043.74742
32,6500,1,12,2,3,47030,49752.03095,2722.030951
69.8,3500,2,12,5,6,163910,138970.0017,-24939.99828
33.4,2600,1,9,4,6,55400,77068.18841,21668.18841
44,9700,8,10,4,8,74780,51759.80547,-23020.19453
32.4,7000,6,8,1,4,57120,47326.23741,-9793.762591
62.1,1100,5,7,4,7,132560,139878.6527,7318.65273
86.8,6900,1,6,3,7,155140,148996.7607,-6143.239344
29,1100,4,4,2,4,66970,78402.22897,11432.22897
70.8,9500,5,7,4,7,117570,102802.7629,-14767.2371
47.3,2200,5,9,4,8,95890,105419.5406,9529.54064
76.9,7100,5,7,5,9,108850,129342.0679,20492.06792
25.4,8600,6,10,2,6,43380,24185.30567,-19194.69433
74.5,3800,9,12,1,2,173960,145798.0558,-28161.9442
45.9,8800,4,4,1,4,76460,60992.34351,-15467.65649
47.6,3300,5,5,4,5,88160,99005.56446,10845.56446
40.3,6900,6,10,2,6,54090,62632.60039,8542.600395
68.9,5600,1,1,3,4,103920,123989.8509,20069.85092
59.5,2400,3,9,4,6,99080,126811.0402,27731.0402
43.7,7800,1,1,1,5,76410,63243.71932,-13166.28068
50.6,5800,8,9,1,3,69170,88733.89052,19563.89052
74.7,9400,1,4,1,2,95130,110679.9508,15549.95081
32.3,9000,2,2,1,2,56390,34465.66384,-21924.33616
61.2,6100,2,12,1,5,85640,106519.9778,20879.97785
43.7,9000,5,5,1,5,51910,55638.8128,3728.812803
21,1800,11,12,1,2,42260,59107.68335,16847.68335
53.4,4600,3,11,4,8,118960,101539.2196,-17420.7804
50.8,5000,9,9,1,2,62270,94175.28696,31905.28696
27.5,3000,8,9,2,6,54100,63575.18633,9475.186333
53.5,9700,3,4,1,2,67260,69404.09627,2144.096271
47.1,5000,2,2,1,4,57140,87303.30001,30163.30001
25.1,7800,4,4,1,3,31120,28698.05522,-2421.944783
63.9,1500,1,1,5,9,164820,140686.8127,-24133.18733
54.7,400,3,5,4,6,139990,130570.8743,-9419.125693
56.4,6900,2,3,4,5,69490,92535.03008,23045.03008
49.5,7400,2,3,5,6,69090,76550.99202,7460.992021
33.5,3700,1,9,3,6,59660,70282.75348,10622.75348
27.9,7400,2,2,2,3,39070,36433.44661,-2636.553391
36.5,3500,1,2,4,8,77060,77122.11921,62.11920598
21.3,6000,1,3,1,4,32780,33047.69867,267.6986708
34.5,8200,1,1,1,4,51660,43621.64781,-8038.352194
66.3,4900,3,12,2,5,118280,123597.0826,5317.082587
64.9,9300,3,7,5,9,112700,93112.21408,-19587.78592
24.1,200,1,8,2,4,57130,75005.16939,17875.16939
39.1,7400,11,12,1,5,48350,57235.13682,8885.136823
53.3,9200,2,5,2,5,74730,72201.34857,-2528.651433
45.7,4400,1,4,2,3,73330,88505.54199,15175.54199
79.3,700,8,8,4,6,199620,174359.0744,-25260.9256
54.8,9900,4,5,3,5,65540,70551.09375,5011.093752
94.8,6500,7,10,7,10,132290,166390.0796,34100.07965
66.6,900,3,4,1,2,150860,149503.9591,-1356.04089
52.1,6800,1,1,2,4,87590,85182.40908,-2407.590921
55,3400,6,6,1,2,96270,112115.7961,15845.79614
88.9,4900,3,10,6,9,202100,165571.9218,-36528.07823
53.6,200,1,2,2,5,168500,129795.3356,-38704.66442
43.7,1600,6,9,2,3,119600,102535.7363,-17064.26367
32.5,9400,1,6,1,5,54810,32302.15375,-22507.84625
28.8,6700,4,11,3,5,54170,42541.20647,-11628.79353
49.7,9800,5,11,1,3,92960,61712.63774,-31247.36226
54.5,5900,4,4,2,5,84070,95343.59401,11273.59401
57.2,1500,11,12,1,5,164470,128242.9444,-36227.05558
96.1,2000,1,1,7,10,154380,197322.961,42942.96099
21.9,9400,1,5,1,4,33480,12614.8398,-20865.1602
66,2400,1,2,3,5,123370,138883.4497,15513.4497
54.3,3500,1,7,1,4,121090,110181.9483,-10908.0517
74.6,5000,3,5,4,6,119770,138378.8787,18608.87866
24,4300,1,4,1,3,54730,48836.00941,-5893.990586
84.3,7900,8,11,2,4,139500,138016.1041,-1483.895865
41,9300,1,3,1,3,56640,48722.893,-7917.107003
95.9,5900,1,7,6,10,164240,172235.5561,7995.556053
47.6,5000,3,5,2,3,87270,88231.9469,961.9468954
36.8,5000,7,10,1,4,50340,68173.17419,17833.17419
43.5,8800,1,1,1,2,55120,56534.83847,1414.838469
44.3,9700,1,4,3,4,62270,52316.9936,-9953.006404
33,7600,3,6,4,6,45110,44638.16041,-471.8395882
73.5,500,1,3,3,6,193020,164854.255,-28165.74504
56.5,6000,8,8,3,4,78100,98424.43934,20324.43934
54.8,3700,1,3,4,7,116830,109843.1108,-6986.88924
59.7,3500,2,5,2,6,143540,120211.3346,-23328.66535
23.7,5200,2,2,3,7,38580,42575.1414,3995.141395
53.7,4400,3,6,4,6,87840,103363.8921,15523.89215
70.7,9600,7,11,2,4,130770,101983.2913,-28786.70869
53.7,900,8,12,2,4,163140,125544.8695,-37595.13051
66.4,9800,1,3,1,3,109650,92729.44368,-16920.55632
40.8,5700,3,8,4,6,62090,71166.1538,9076.153797
40,5600,3,8,3,5,71930,70314.06099,-1615.939008
41.1,4200,4,4,2,3,77190,81229.47507,4039.475075
42.2,400,11,11,1,4,97000,107354.7022,10354.70219
57.9,4900,5,6,3,4,117450,107995.8149,-9454.185073
83.9,6000,1,4,3,5,127980,149314.2886,21334.28861
43,6900,3,5,4,7,75490,67647.29357,-7842.706429
24.6,3500,1,4,2,4,49700,55020.32335,5320.323354
62.2,9100,4,10,3,5,89810,89365.00532,-444.9946787
52.1,9200,5,6,4,8,83080,69972.59604,-13107.40396
47.8,9300,6,11,2,5,63020,61352.49063,-1667.509373
39.5,1200,2,2,1,4,112620,97270.07134,-15349.92866
48,6200,5,6,3,6,58790,81369.95789,22579.95789
53.1,1900,6,8,2,4,117780,118093.0711,313.0711295
44.6,7600,5,6,3,4,64540,66182.76813,1642.768133
31.6,200,8,8,1,5,75220,88934.87266,13714.87266
63.9,8300,4,7,3,7,121340,97592.34241,-23747.65759
58.6,6100,1,7,4,6,94190,101691.014,7501.014047
41.4,2400,2,11,1,4,87030,93194.02298,6164.022982
84.2,8400,7,10,2,3,111340,134661.6637,23321.66371
37.2,4000,3,3,1,3,75830,75253.5138,-576.4862048
31.2,7700,9,10,4,6,41160,40661.28942,-498.7105824
30.1,4300,2,7,1,3,64960,60165.50141,-4794.498595
22.7,8400,5,11,2,5,32560,20438.09691,-12121.90309
69.3,5300,2,6,5,8,102830,126633.9951,23803.99505
28.9,4300,6,7,3,6,69780,57936.74888,-11843.25112
35.2,9300,1,9,1,4,56320,37950.58914,-18369.41086
78.7,5400,1,6,1,2,124160,143458.8143,19298.81427
58.4,3500,2,12,1,5,117830,117796.8527,-33.14725147
94.3,7500,5,8,2,5,135540,159124.0107,23584.01067
26.3,3600,9,10,1,3,63260,57543.98055,-5716.019448
93.4,4600,4,8,4,5,156250,175830.9704,19580.97036
51.4,9900,3,9,1,4,82760,64236.29494,-18523.70506
24.9,6400,4,4,2,5,41920,37198.9874,-4721.0126
48.1,100,3,8,3,5,122870,120213.9621,-2656.037939
90.5,9400,5,11,4,8,125690,140025.1924,14335.19236
25.3,6600,1,3,3,6,38930,36674.42049,-2255.579512
49.7,7100,6,7,4,7,85470,78823.6774,-6646.322596
45.9,6200,1,6,1,4,79310,77469.64097,-1840.35903
54.3,5000,8,9,1,2,80780,100675.8151,19895.81515
20.5,3900,4,5,1,3,43920,44870.45006,950.4500617
90.9,5800,6,8,1,3,119340,163582.8294,44242.82942
53.2,3900,1,9,4,7,89960,105603.9563,15643.95631
50.5,2900,6,12,4,8,91440,106926.6852,15486.68523
29.6,8400,2,3,2,3,49790,33253.42392,-16536.57608
84,3100,3,3,2,3,188390,167878.5421,-20511.45792
38.2,2200,2,3,1,2,86120,88518.16734,2398.167341
27,700,1,1,2,3,69370,77222.61027,7852.610275
41.3,9200,6,10,1,4,75480,49913.82334,-25566.17666
80.9,1900,8,10,5,8,168150,169725.8379,1575.83791
32,8000,3,5,1,4,43590,40245.8978,-3344.102197
87,600,3,5,6,10,246950,189293.9786,-57656.02137
61.6,1600,5,12,2,3,139620,135781.2948,-3838.705204
21.2,6800,1,1,1,3,29280,27792.03162,-1487.968385
53.8,8700,5,12,4,6,101910,76298.7065,-25611.2935
29.2,2000,5,7,1,4,58780,73070.00784,14290.00784
42.5,2200,2,4,1,2,70930,96504.53055,25574.53055
37.9,6000,1,1,1,5,55660,63878.77524,8218.775237
69.2,1100,4,9,6,7,172630,153065.4385,-19564.56151
67.8,8500,5,5,4,8,90610,103568.3037,12958.30369
34.9,8200,4,9,1,4,59640,44364.56531,-15275.43469
97.4,900,6,11,2,3,282580,206708.6072,-75871.3928
52.1,3600,5,8,4,5,125610,105462.1598,-20147.84021
84.4,3000,9,9,1,3,205010,169255.2018,-35754.79821
56.5,9400,1,3,1,5,77740,76877.20421,-862.7957919
88.8,6700,3,9,1,3,138850,153978.8326,15128.83261
54.2,5300,2,7,2,4,67400,98588.85914,31188.85914
21.7,2300,3,3,1,3,43760,57239.07794,13479.07794
45.3,2200,2,2,1,4,83040,101704.9531,18664.9531
48,9000,3,11,4,6,86730,63625.17601,-23104.82399
22,1700,11,12,1,3,45060,61598.71933,16538.71933
74,8900,1,1,6,9,87640,112548.5562,24908.55622
58.3,4100,1,1,5,6,97640,113808.6701,16168.67011
75.5,9300,3,4,5,9,131550,112799.528,-18750.47197
67.6,6100,7,8,4,6,102810,118406.658,15596.65797
70.6,4900,6,11,3,4,173770,131583.4458,-42186.55421
37.9,4200,12,12,1,4,85780,75286.13501,-10493.86499
31.2,1900,6,8,3,4,88740,77418.33759,-11321.66241
34.1,5300,5,5,3,6,54840,61257.25438,6417.254384
89.8,2500,1,5,3,6,153630,182453.2992,28823.2992
53.3,4300,1,1,5,8,112200,103254.7168,-8945.283152
77.3,9200,1,2,1,2,117570,116776.399,-793.6009757
68.2,5900,2,9,3,6,102100,120788.5186,18688.51865
96,9700,2,3,7,8,139530,148339.0815,8809.081457
54.2,3300,8,11,4,8,133970,111263.7033,-22706.29666
70.4,2900,5,6,4,8,150030,143886.8312,-6143.168764
37.5,7200,1,3,3,6,57940,55530.95121,-2409.048788
40.3,8300,1,2,2,5,53280,53760.20946,480.2094572
49.1,9400,2,2,4,6,58680,63133.23032,4453.230317
74.9,2500,3,3,1,2,156120,154779.622,-1340.377964
29.1,9700,6,10,2,4,37650,24086.12831,-13563.87169
84,8600,4,7,3,4,147470,133022.7205,-14447.27946
33.5,6000,1,4,2,5,49920,55706.68265,5786.682653
98.9,200,3,10,3,5,262510,213930.7433,-48579.25668
64,7100,4,11,1,4,116060,105382.9783,-10677.0217
53.8,2400,2,11,1,4,96590,116224.4657,19634.46572
66.2,2400,1,11,1,2,156810,139254.9085,-17555.09154
38.6,9600,5,5,4,8,60480,42364.16132,-18115.83868
59.1,2500,7,9,4,6,130530,125434.3805,-5095.619515
83.2,3800,2,4,2,3,171120,161956.5116,-9163.488408
36.2,1600,7,12,1,3,92130,88606.03306,-3523.966938
90.4,7200,3,3,3,6,128300,153781.7916,25481.7916
28.8,8100,4,5,1,3,50020,33668.81553,-16351.18447
37.6,800,1,3,1,2,92650,96276.18202,3626.182017
35.8,1000,11,11,4,7,68040,91665.56881,23625.56881
83.1,1200,8,8,3,4,163410,178248.0797,14838.07967
35.2,7600,1,10,1,4,43270,48724.2067,5454.206704
60.6,6200,1,8,1,4,90750,104771.8594,14021.85938
69,7400,6,9,6,9,119030,112768.2205,-6261.779482
58.7,600,6,10,1,4,161830,136732.565,-25097.43504
65.5,7400,1,3,3,7,86420,106267.6923,19847.69233
37.5,5800,5,6,1,3,53390,64403.34215,11013.34215
29.7,1000,1,2,3,7,84700,80336.07682,-4363.923178
63.9,500,1,7,1,2,182300,147024.2348,-35275.76523
22.6,2300,1,5,1,4,46940,58910.64233,11970.64233
33.7,4900,2,9,1,5,80700,63049.30572,-17650.69428
53.7,6000,1,6,2,3,76160,93224.01679,17064.01679
85.8,3700,4,10,3,7,140440,167419.2176,26979.2176
60.2,9300,4,12,1,4,102190,84382.93336,-17807.06664
58.3,9600,6,10,1,2,89500,78952.84857,-10547.15143
41.9,6200,5,9,1,5,62410,70040.46589,7630.465894
36.3,8300,7,9,2,4,61240,46331.03438,-14908.96562
38,400,1,3,4,8,115280,99554.06836,-15725.93164
58.7,1500,7,8,4,8,151930,131028.8851,-20901.11492
55.2,7800,2,3,4,6,75810,84602.59767,8792.597665
33.1,9900,2,5,1,4,61440,30247.81896,-31192.18104
24.1,2100,10,10,1,5,49250,62964.06741,13714.06741
80.2,5000,3,6,1,4,118240,148779.7238,30539.72377
60.1,1200,2,3,5,9,164920,135530.323,-29389.67702
64.1,6900,2,4,4,5,81350,106836.1921,25486.1921
27.5,2000,2,4,1,2,55220,69912.60843,14692.60843
69.1,1500,10,10,3,5,155220,150344.7403,-4875.259726
37.4,3500,1,1,3,6,76770,78793.6836,2023.683598
39.1,3800,2,3,4,8,82660,80049.85638,-2610.143624
68.9,3700,10,12,5,9,168740,136030.9529,-32709.0471
99.2,400,1,4,4,5,303810,213220.447,-90589.55297
53.6,7700,2,7,3,5,92520,82264.66984,-10255.33016
91.9,6900,4,4,6,8,157230,158468.9589,1238.958878
61,4100,5,8,5,7,142320,118823.3633,-23496.63671
79.8,4500,5,7,6,8,189750,151205.5173,-38544.48269
22.3,2100,2,7,1,5,46900,59620.93862,12720.93862
42,8600,6,8,2,5,66750,55016.38224,-11733.61776
47.6,7800,2,5,2,6,78950,70487.16502,-8462.834979
35.1,9900,1,2,1,4,54740,33962.4065,-20777.5935
34.6,1300,1,1,1,2,94880,87535.58966,-7344.410339
55.3,8200,5,10,3,5,85470,82253.3582,-3216.641797
63.8,6600,1,9,4,6,89970,108180.2306,18210.2306
32.3,900,5,6,1,2,87230,85798.78283,-1431.217169
69.8,1900,7,10,1,3,161790,149109.8771,-12680.12293
28.6,7100,1,2,2,4,39450,39634.77888,184.778877
27,4500,11,11,2,6,50030,53140.4063,3110.406302
25.6,1000,1,2,2,5,46720,72721.17237,26001.17237
42.7,6200,11,11,3,7,59140,71526.30091,12386.30091
60.9,7200,4,9,1,5,100600,98991.62541,-1608.374592
53.2,6500,2,2,4,6,83450,89126.65885,5676.658855
67.7,1500,5,5,1,3,192290,147744.529,-44545.471
30.3,3200,5,10,2,6,57020,67508.12447,10488.12447
48.7,4500,3,4,3,7,91340,93443.68109,2103.68109
44.5,400,4,11,4,6,113420,111626.4779,-1793.522137
39.1,1200,1,4,2,4,107820,96527.15383,-11292.84617
23.2,7400,9,10,1,3,41210,27704.16589,-13505.83411
37,9500,7,7,3,7,59170,40026.2335,-19143.7665
45.8,7500,10,10,2,3,55390,69045.26287,13655.26287
63.6,5700,1,5,4,5,74980,113512.4517,38532.45173
50.5,9500,4,5,1,2,72350,65099.69938,-7250.300616
30,100,5,6,1,4,71600,86596.94484,14996.94484
39.3,4000,8,11,1,4,85680,79153.83071,-6526.16929
32.9,800,1,2,1,2,87730,87546.9013,-183.0986976
41.8,9800,2,3,3,7,67070,47040.01696,-20029.98304
62.3,600,2,2,2,3,144820,143418.8225,-1401.177467
59.7,9200,4,12,5,7,81150,84088.02869,2938.028689
84.4,6000,4,12,4,8,130530,150242.9355,19712.9355
27.6,2200,5,9,3,4,45380,68830.85339,23450.85339
24.8,5000,3,7,1,5,42500,45885.64896,3385.648961
57,4600,1,2,1,4,122650,108225.4772,-14424.52284
89.1,3000,3,3,5,6,212740,177984.4825,-34755.51749
36.9,3800,2,2,1,2,64260,75963.81008,11703.81008
93.2,1900,1,6,6,10,180340,192570.5513,12230.55127
40.4,2100,3,6,1,2,89070,93237.95584,4167.955843
66.4,6500,3,11,1,5,113850,113642.9366,-207.0633934
33.2,4600,7,12,1,2,77300,64021.88546,-13278.11454
59.4,1200,1,1,1,5,111620,134230.2173,22610.21734
43.5,9700,3,3,1,4,59310,50831.15858,-8478.841419
69.5,4100,3,3,1,5,150740,134610.3603,-16129.63967
47.3,1400,1,2,5,8,130980,110489.4783,-20490.52168
62.7,4200,1,3,4,7,118840,121347.0205,2507.020487
38.6,8800,8,11,3,6,67720,47434.099,-20285.901
54.9,4300,1,7,5,8,111270,106226.3869,-5043.613122
35,4300,1,4,4,7,76600,69266.24087,-7333.759126
46.4,3800,5,5,4,7,77460,93608.10089,16148.10089
25.6,9200,4,6,1,4,34850,20754.31116,-14095.68884
69.1,7700,5,6,3,7,90230,111052.7233,20822.72327
61,5700,5,5,4,6,81850,108683.4879,26833.48793
68.3,9000,2,4,3,4,118600,101328.2395,-17271.76048
38.8,7600,5,10,1,4,49870,55410.46427,5540.464272
44.6,3300,3,5,1,3,74230,93433.68316,19203.68316
21.5,5500,9,12,1,3,29610,36587.86847,6977.868474
77.7,6700,7,8,2,4,116920,133362.8718,16442.87178
34.6,8800,1,1,1,3,57700,40004.92392,-17695.07608
48.7,1500,1,1,1,5,138230,112455.9474,-25774.05262
22.5,9900,7,8,1,5,30270,10560.50501,-19709.49499
74.7,9000,6,6,3,7,132030,113214.9196,-18815.08036
29.5,7800,10,12,2,3,45200,36870.1478,-8329.8522
56.6,5900,7,8,2,5,78540,99243.91093,20703.91093
51.1,300,4,5,3,5,132630,124518.3589,-8111.641052
92.1,1000,6,7,3,4,199760,196231.208,-3528.791989
27.4,5200,9,9,2,4,41150,49447.12834,8297.128341
71.2,2000,9,12,6,10,121480,151076.3461,29596.34614
37.2,7200,4,7,1,3,65440,54973.76308,-10466.23692
47.1,7600,7,10,1,4,81920,70826.00256,-11093.99744
62.7,6500,2,2,1,2,112460,106770.9497,-5689.050339
27.9,500,1,2,2,3,54130,80161.65909,26031.65909
54.7,1700,1,2,3,5,146800,122332.2256,-24467.77442
87.3,6300,5,8,4,7,156240,153727.8608,-2512.1392
31.3,9500,3,11,1,4,43650,29439.65902,-14210.34098
34.1,1100,2,7,2,3,83830,87874.4272,4044.427196
39.7,5100,2,2,1,3,47120,72925.58391,25805.58391
78.3,3500,7,8,6,9,129450,154756.9988,25306.99875
55.7,6400,1,4,3,7,99350,94403.63549,-4946.364513
65.7,4400,5,6,1,4,110210,125651.4174,15441.41737
22.6,6000,5,10,1,2,30930,35462.18057,4532.180571
70.6,3000,2,2,4,8,153440,143624.5478,-9815.45222
54.8,4800,2,4,1,5,122180,102871.9465,-19308.05355
42.6,5700,9,12,1,4,61910,74509.28258,12599.28258
69.8,4900,4,5,4,7,153020,130097.6108,-22922.38922
39.8,6200,7,8,1,2,51580,66140.14898,14560.14898
59.8,1500,1,1,2,6,116570,133071.9082,16501.90822
24.5,2500,6,10,1,2,41940,61172.01608,19232.01608
68.4,4400,6,10,2,6,156210,130666.1106,-25543.88945
24.2,1200,7,9,1,3,69680,68853.47667,-826.5233278
22.7,4900,6,7,2,5,43820,42619.07426,-1200.925745
28,3900,9,12,1,4,64260,58800.15333,-5459.84667
59,4800,7,9,5,7,106380,110672.5803,4292.580282
58.6,5300,6,7,5,8,73250,106760.9517,33510.95173
67.2,5900,2,2,2,3,90110,118931.2249,28821.22488
79.4,1600,3,4,1,5,201080,168841.1239,-32238.87611
55,1500,5,10,2,3,114320,124156.8981,9836.89813
83.4,5700,1,8,1,4,120470,150286.8684,29816.86836
65.7,2400,1,1,1,5,103180,138326.2616,35146.26157
34,3800,12,12,3,5,70990,70577.65815,-412.3418461
38.2,4300,5,9,1,4,84880,75209.58093,-9670.419065
37.3,3400,2,10,1,4,92370,79241.69643,-13128.30357
30.9,7900,4,8,1,5,51540,38836.61687,-12703.38313
94.8,8600,1,3,4,5,170040,153081.4932,-16958.50676
38,8500,6,6,2,6,59710,48220.94937,-11489.05063
38.6,5600,4,5,1,5,58220,67713.84971,9493.849715
64.1,3700,7,9,1,4,125440,127115.9428,1675.942813
68.3,7700,2,2,5,9,87530,109566.8882,22036.88825
32.5,1300,4,4,1,2,85000,83635.27275,-1364.727254
31.1,2200,1,6,1,2,55420,75331.38158,19911.38158
23.5,800,2,12,1,4,60810,70088.33987,9278.339873
29.8,3800,4,7,2,6,74710,62777.02432,-11932.97568
65,9400,2,2,4,7,95290,92664.20125,-2625.798755
67.9,200,4,9,4,7,190930,156354.6365,-34575.36352
46.7,3300,6,6,1,2,87250,97334.00007,10084.00007
56.7,7600,3,3,1,5,84860,88656.02274,3796.022739
50.8,7300,3,4,4,8,88420,79599.21613,-8820.783869
63.1,3300,7,12,2,5,110050,127793.6179,17743.61788
48,3200,7,9,5,8,80390,100382.2242,19992.22418
72.3,1600,1,1,5,6,202880,155654.3381,-47225.66187
53.3,8700,6,8,2,6,88450,75370.05962,-13079.94038
56.6,700,2,3,2,4,125410,132198.5058,6788.505839
30,2500,5,12,4,7,56140,71387.13181,15247.13181
83.7,5900,7,11,2,4,148050,149576.5721,1526.57207
36.4,5500,1,1,3,4,64200,64261.54563,61.54563274
69.9,1200,5,7,5,9,141570,153731.8019,12161.80192
44.8,1800,2,12,1,2,96310,103311.2751,7001.275056
93.6,5800,5,11,3,4,175260,168597.5226,-6662.477406
30.1,7200,1,1,2,3,35700,41786.97732,6086.977321
66.5,6600,6,6,1,4,117420,113194.9238,-4225.076226
27.8,6700,9,11,2,3,38710,40683.9127,1973.912701
52.7,4300,9,12,2,4,98070,102140.3406,4070.340586
45.3,2700,4,5,1,5,81490,98536.24205,17046.24205
40.7,200,9,9,3,7,92340,105836.246,13496.24596
29.6,8300,1,1,3,7,37980,33887.16613,-4092.833872
49.6,7200,1,1,4,6,58120,78004.20582,19884.20582
60,4500,2,9,1,5,135260,114431.1007,-20828.89932
46.9,2100,2,3,3,4,106620,105310.3653,-1309.634658
60.3,4100,7,9,1,4,103510,117523.2577,14013.25765
56.7,7300,3,6,1,2,102980,90557.24937,-12422.75063
30.9,1900,1,2,1,2,81950,76861.14946,-5088.850544
79.4,2900,1,1,1,5,139630,160602.4752,20972.47516
49.1,5800,8,10,2,6,88950,85947.94987,-3002.05013
46.1,6800,6,7,1,3,58370,74038.64647,15668.64647
38,9100,1,2,1,2,46640,44418.49611,-2221.50389
80.8,4700,1,7,3,6,146450,151795.3267,5345.326658
36,8500,1,2,3,7,56010,44506.36183,-11503.63817
71,2500,5,9,1,3,173880,147536.1763,-26343.82366
39.7,600,9,11,4,6,102770,101443.9834,-1326.016648
77.2,1300,3,3,2,3,169800,166656.3042,-3143.695777
57.1,200,9,9,1,4,158070,136295.8638,-21774.13623
59.2,600,1,12,4,6,112150,137661.2118,25511.21185
26.3,800,1,10,1,4,71120,75288.76243,4168.762427
94.3,3100,2,6,3,7,178990,187008.6679,8018.667897
39.1,1800,5,10,3,6,100880,92724.70057,-8155.299428
57.4,7400,2,3,4,8,67360,91223.6128,23863.6128
37.2,2600,10,10,3,7,68360,84125.90473,15765.90473
74.9,7300,1,4,2,6,90590,124359.996,33769.99597
69.3,6300,5,9,4,7,98880,120296.573,21416.57296
44.3,7700,7,8,1,5,61390,64991.83779,3601.837792
52,2600,4,12,4,5,114850,111613.8525,-3236.147485
67.4,2900,1,4,2,4,125740,138314.9499,12574.94993
48.1,100,7,7,2,5,126060,120213.9621,-5846.037939
73.1,3400,1,1,5,6,163350,145732.8134,-17617.18664
50.2,4200,6,9,2,6,85260,98130.84837,12870.84837
62.8,1800,6,8,3,6,123250,136742.5629,13492.5629
54.8,6500,1,1,4,6,94490,92098.32889,-2391.671115
73.4,3600,10,12,2,5,186100,145022.5171,-41077.48293
54.8,2700,1,2,1,4,96320,116180.5329,19860.53286
84.6,7700,7,11,4,6,137590,139840.7767,2250.776686
35.1,5300,7,9,1,5,43780,63114.54815,19334.54815
44.6,8700,7,9,2,5,76680,59211.60382,-17468.39618
55.3,2300,1,6,4,5,94010,119644.1486,25634.14858
70,6700,1,3,2,5,99410,119061.7098,19651.70976
32.7,8300,1,1,1,3,57680,39644.77681,-18035.22319
55.2,7300,6,9,1,4,76500,87771.30871,11271.30871
24.4,2500,2,4,2,5,53700,60986.2867,7286.286698
70.1,5600,7,12,3,6,98890,126218.6034,27328.60344
59.8,3600,4,10,4,5,101400,119763.3218,18363.32182
67.2,5800,9,12,2,6,100480,119564.9671,19084.96709
67.6,4000,2,6,1,5,171460,131715.2444,-39744.75563
55.6,1700,10,11,1,4,140310,124003.79,-16306.21003
28.1,2900,4,11,2,6,49250,65323.3048,16073.3048
74.3,8800,3,5,2,6,124220,113739.4866,-10480.51344
33.5,7300,10,11,1,2,58940,47468.03393,-11471.96607
69,9100,1,10,1,5,110780,101994.603,-8785.397049
45.4,3600,6,12,4,7,114120,93018.29154,-21101.70846
84.6,2900,1,5,3,6,198420,170260.4028,-28159.59724
63.6,2400,2,2,3,7,132680,134425.9447,1745.944656
26.2,1700,7,10,3,6,62390,69399.35316,7009.353161
60.5,4200,1,1,5,6,138030,117260.9742,-20769.02581
82.4,2000,4,4,6,9,151730,171878.0364,20148.03635
49.5,5800,2,2,5,9,67670,86690.86738,19020.86738
48.8,2600,1,5,4,6,78130,105670.5125,27540.51245
52.4,2700,8,9,1,3,99410,111723.0278,12313.02781
67.6,1200,6,11,2,3,174160,149460.0262,-24699.97375
53.1,5800,3,11,5,9,82270,93377.12495,11107.12495
52.1,5000,6,6,2,5,85330,96589.76886,11259.76886
55.7,6600,2,2,5,9,87670,93136.15107,5466.151068
81,7000,4,4,4,5,123490,137590.7146,14100.71459
30,8600,7,9,4,7,45080,32728.85701,-12351.14299
59.3,8000,9,10,2,4,80580,90950.0177,10370.0177
32,2800,7,12,1,4,80220,73200.49271,-7019.507286
26.9,4600,2,8,2,3,57540,52320.93471,-5219.065285
30.3,4600,1,2,4,8,49350,58635.73353,9285.73353
92.8,7800,2,9,4,8,127920,154436.8434,26516.84338
66.5,3300,1,2,5,8,138850,134108.4167,-4741.583302
30.3,7700,2,4,3,7,46770,38989.72503,-7780.274975
54.7,5100,5,12,3,5,71080,100784.9904,29704.99045
44.1,2900,1,1,1,2,102470,95040.00511,-7429.99489
46.2,9100,1,1,2,6,75130,59648.30502,-15481.69498
48.4,7000,4,12,3,4,61880,77042.93771,15162.93771
44.9,8900,2,4,1,3,83900,58501.30754,-25398.69246
54.8,8100,2,4,4,7,101880,81958.45353,-19921.54647
62.3,1500,3,6,2,5,133460,137715.1426,4255.142644
33.2,8200,1,3,2,6,40060,41207.16591,1147.165907
46.2,200,3,4,2,6,106070,116051.3617,9981.36169
69.5,5100,3,3,6,8,118150,128272.9382,10122.93823
64.5,2000,1,6,5,8,153540,138632.4779,-14907.52211
47.1,7400,6,8,1,5,60360,72093.48698,11733.48698
49.5,5800,3,3,4,8,87620,86690.86738,-929.1326219
92,4700,2,9,3,5,231080,172597.0169,-58482.98313
32.3,3700,1,3,1,4,56130,68054.00096,11924.00096
98.3,2200,3,10,7,10,250730,200141.5229,-50588.47714
64.7,300,6,6,1,2,195820,149777.5542,-46042.44579
40.9,7200,8,12,4,5,59870,61845.75003,1975.750027
64,6700,4,9,2,4,119100,107917.9471,-11182.05286
32.8,4400,1,8,1,5,51480,64546.45237,13066.45237
27.9,1200,3,4,2,3,76680,75725.46362,-954.5363822
87.6,8900,1,5,6,9,133940,137807.7515,3867.751475
29.9,7800,6,10,1,2,37460,37613.06531,153.065308
66.8,3400,5,11,1,3,157690,134031.8626,-23658.13738
22.2,2100,3,11,1,4,42050,59435.20925,17385.20925
67.2,6900,2,6,1,5,90330,112593.8028,22263.80278
27.8,6300,2,3,1,2,41630,43218.88154,1588.88154
58.7,3600,1,1,1,2,111520,117720.2987,6200.298669
20.1,5800,8,10,1,5,33530,32086.43057,-1443.569432
23.6,7200,6,8,1,3,29300,29714.56782,414.5678218
37,7700,1,1,2,5,45450,51433.59328,5983.593278
87.9,4700,5,12,4,7,182370,164982.1124,-17387.88758
60.6,100,7,11,5,6,154630,143430.1342,-11199.86583
23,8400,1,2,1,3,33070,20995.28504,-12074.71496
56.4,8000,4,6,5,9,77470,85563.86577,8093.865769
69.2,5000,7,10,2,3,97420,128349.4923,30929.49231
49.1,2600,2,2,5,7,89570,106227.7006,16657.70058
21.1,5900,4,5,1,5,28310,33309.98213,4999.982127
37,6200,3,3,4,6,65160,60939.72643,-4220.273575
84.6,4500,6,7,5,7,201080,160120.5274,-40959.4726
56.6,5700,3,3,4,5,101670,100511.3953,-1158.604652
38.2,1900,5,9,1,4,100300,90419.39397,-9880.60603
69.1,8400,1,1,1,5,95460,106616.5278,11156.5278
99.1,2800,1,3,5,6,235010,197824.9046,-37185.09538
52.5,6900,4,10,1,4,66080,85291.58438,19211.58438
85.2,3000,2,10,4,8,194170,170741.0368,-23428.96319
42.7,8500,4,6,4,7,58610,56950.23008,-1659.769917
65.8,1500,5,9,3,5,171080,144215.6708,-26864.32916
64.8,6400,9,11,3,7,109690,111305.0088,1615.008786
87.4,7300,7,12,1,4,141310,147576.1681,6266.168078
21.4,2100,3,12,1,3,50130,57949.37423,7819.374231
53,2200,2,4,5,9,88160,116006.1151,27846.11512
34.2,9900,10,10,4,6,60110,32290.84211,-27819.15789
42.5,200,1,7,3,5,115620,109179.3747,-6440.625256
47.4,3600,5,8,1,2,106000,96732.87908,-9267.120921
50.3,3400,8,11,1,3,99240,103386.5154,4146.515429
20.3,300,6,7,1,5,63740,67313.71086,3573.710861
81.6,9100,1,4,1,5,138430,125396.5044,-13033.49556
24,5700,2,4,3,5,38760,39963.61848,1203.618477
97.7,4500,1,7,3,5,197660,184451.0758,-13208.92423
59.8,2700,3,4,1,5,138150,125467.0017,-12682.9983
25.6,6700,2,2,1,3,35020,36597.86641,1577.866409
69.7,8800,1,2,5,9,105760,105195.9352,-564.0647813
45.9,5700,1,8,1,3,70510,80638.35202,10128.35202
42.3,7000,2,2,4,8,68830,65713.44572,-3116.554277
99.9,6500,1,8,6,9,166420,175862.2779,9442.27787
32.1,2400,1,10,3,7,61650,75921.19093,14271.19093
32,3100,2,3,4,6,76660,71299.26608,-5360.733916
36.6,2800,1,1,1,4,73220,81744.04405,8524.044052
76.3,9000,7,12,2,4,141120,116186.5897,-24933.41033
64.9,1800,2,3,5,7,181770,140642.8798,-41127.12019
35.7,400,4,4,2,5,82990,95282.2927,12292.2927
46.6,1300,1,1,1,4,107780,109823.1149,2043.11489
25.2,2500,2,4,1,4,60920,62472.12171,1552.121714
31.7,8100,10,12,1,3,56820,39054.96746,-17765.03254
73.7,3000,1,1,1,4,175310,149382.1585,-25927.84154
49.4,300,9,9,1,5,138400,121360.9595,-17039.04046
70,2500,7,10,1,4,142310,145678.8826,3368.882568
60,1700,4,8,5,9,141750,132175.8826,-9574.117444
25.8,7200,1,1,2,4,36730,33800.61411,-2929.385886
65.4,8100,3,10,2,5,122580,101645.7675,-20934.23252
89.4,400,12,12,2,6,269050,195018.9681,-74031.03191
58.6,4200,5,5,5,7,128630,113732.116,-14897.88397
72.9,5400,4,4,3,4,109500,132686.5104,23186.51041
47.4,8300,4,8,1,4,67090,66946.99522,-143.0047824
37.6,1600,7,9,1,5,111300,91206.24434,-20093.75566
66.7,3800,9,10,5,8,148270,131311.1644,-16958.8356
60.7,6500,10,11,1,2,87510,103056.3621,15546.36212
68.3,7800,3,11,4,8,113800,108933.146,-4866.85396
97,6900,3,11,5,9,157480,167941.1571,10461.1571
51.9,8200,1,3,5,6,84350,75938.55939,-8411.440612
71.5,9600,4,7,6,7,119950,103469.1263,-16480.87368
61.7,1400,2,2,5,8,118500,137234.5086,18734.50859
72.6,4000,2,8,6,10,148000,141001.7132,-6998.28678
33.8,9800,5,9,4,7,48100,32181.66681,-15918.33319
74.4,7700,1,10,1,3,112220,120896.3802,8676.380241
27.9,3700,3,8,1,4,63900,59881.90837,-4018.091628
52.4,2100,3,5,2,6,109860,115525.4811,5665.481072
39.1,7900,5,12,1,3,55820,54066.42577,-1753.574226
93,3800,1,1,7,8,205730,180157.9905,-25572.00947
20.4,1100,1,2,1,4,48210,62429.50256,14219.50256
71.1,6100,1,1,4,5,106600,124907.1862,18307.18616
39.2,9500,5,7,1,2,74360,44112.27979,-30247.72021
49.3,9800,2,8,2,4,66730,60969.72023,-5760.279768
59.9,1800,3,9,1,4,168380,131356.411,-37023.58903
50.7,5900,1,1,2,3,86650,88285.87769,1635.877691
62.2,5400,2,6,2,5,96490,112813.4671,16323.46708
31.6,900,2,2,4,5,66030,84498.67719,18468.67719
31.2,8100,2,3,1,2,43290,38126.32058,-5163.679422
42.6,5500,8,10,3,6,61310,75776.767,14466.767
52,3700,2,3,4,5,111850,104642.6882,-7207.311793
72.7,2600,4,6,2,4,138680,150059.8335,11379.83353
28.8,7000,8,8,3,4,43200,40639.97984,-2560.020159
98.4,8900,2,2,2,5,160550,157866.5242,-2683.475819
46,9900,2,11,5,9,86560,54206.90858,-32353.09142
75.4,400,2,12,5,8,203280,169016.8553,-34263.14467
51.3,900,5,9,1,4,113790,121087.3644,7297.364443
90.7,7000,4,5,3,7,122440,155606.4641,33166.46415
62.9,4700,3,3,1,4,131500,118549.7682,-12950.23181
55,1900,12,12,1,4,132010,121621.9293,-10388.07071
69.7,100,7,8,1,4,170180,160331.5075,-9848.492527
57.9,100,10,10,5,8,161430,138415.441,-23014.559
21.9,1500,5,12,1,4,54800,62680.47437,7880.474374
50.1,5000,9,10,3,6,65650,92875.18132,27225.18132
48.1,100,4,6,4,8,134430,120213.9621,-14216.03794
45.5,9800,11,12,1,5,60190,53912.00391,-6277.996091
44.3,500,4,4,3,5,123190,110621.2769,-12568.7231
72.1,7000,3,12,1,5,114720,121060.8,6340.800041
35.9,1300,5,10,1,5,93200,89950.07156,-3249.928439
59.3,7200,1,2,1,4,69590,96019.95538,26429.95538
37.8,2200,1,5,1,5,91440,87775.24983,-3664.750167
89,5900,2,11,6,10,139080,159420.229,20340.22905
50.3,1500,1,5,1,3,142010,115427.6174,-26582.38258
81.4,2200,4,9,2,5,154270,168753.2582,14483.25816
20.3,3100,8,11,1,3,42090,49568.92899,7478.928986
54.7,6300,1,6,1,2,98060,93180.08393,-4879.916072
69.8,900,1,12,3,7,150390,155447.2992,5057.299171
80.1,6600,7,11,4,6,140540,138454.119,-2085.880967
59.3,8400,1,6,1,3,79360,88415.04886,9055.04886
91.5,1600,4,5,6,10,244330,191314.3785,-53015.62151
51.2,3000,2,2,4,6,98790,107593.0487,8803.04866
43.3,7400,3,3,1,4,62620,65035.77065,2415.770653
43.7,4400,1,2,2,3,86320,84790.95445,-1529.045545
23.4,4700,7,10,1,3,49920,45186.66431,-4733.335687
64.4,3700,2,4,2,3,163960,127673.1309,-36286.86906
72.2,5500,5,12,6,7,130040,130752.6626,712.6625653
38.5,8400,2,2,2,6,61190,49783.33846,-11406.66154
63.6,3500,3,12,5,8,158780,127454.7803,-31325.21965
24.8,3400,2,6,2,5,56660,56025.52432,-634.4756823
81.7,4300,1,1,5,7,129920,156001.8599,26081.85989
52.2,4100,3,3,4,7,81550,102479.1781,20929.17812
84.1,2300,7,8,5,9,163640,173134.2091,9494.209131
25,3200,1,6,1,3,41010,57664.46749,16654.46749
36.5,8700,3,4,1,4,58700,44167.5243,-14532.4757
56.9,8300,2,6,5,8,80970,84591.28602,3621.286024
90.4,4400,1,2,1,4,165810,171526.5735,5716.57347
60.9,6600,5,6,1,5,85220,102794.0787,17574.07867
50,6200,3,11,1,4,91530,85084.54542,-6445.454577
44.3,1100,9,10,2,5,100950,106818.8236,5868.82364
72.7,8700,4,10,5,6,131150,111401.5587,-19748.44126
61.7,7700,5,8,4,7,80120,97308.74937,17188.74937
78.8,6200,1,8,3,5,136090,138574.606,2484.605972
67.3,3100,9,9,3,7,140820,136861.7361,-3958.263868
39.3,5100,2,2,3,7,59350,72182.6664,12832.6664
32.2,5600,7,9,2,4,57290,55827.16959,-1462.830407
63.5,4300,6,7,1,3,105550,122199.1133,16649.11329
24.1,1300,1,1,1,4,49600,68034.00509,18434.00509
98.9,900,7,7,2,4,201510,209494.5479,7984.547851
43.9,2300,2,6,1,2,101340,98470.99961,-2869.000385
67.5,3600,1,11,1,4,106920,134064.4838,27144.48384
51.8,3400,1,12,1,2,80320,106172.4561,25852.45608
92,8100,3,8,5,6,142540,151049.7817,8509.781738
65.2,9300,4,8,2,3,105420,93669.40221,-11750.59779
45.1,7800,1,2,1,5,77680,65843.9306,-11836.0694
67.8,900,2,11,3,5,151360,151732.7116,372.711633
83.7,7000,2,3,2,4,136190,142605.4078,6415.407762
20.1,2700,1,3,1,3,46400,51732.43907,5332.439072
25.9,6600,2,2,3,6,42070,37788.79675,-4281.20325
41.8,4500,6,6,1,5,71060,80628.35408,9568.354084
56.9,2100,2,3,1,2,126130,123883.303,-2246.696968
37,8100,5,8,1,3,45900,48898.62444,2998.624439
44.1,7900,2,6,1,5,70170,63352.89462,-6817.105381
32.4,4800,3,6,1,3,78450,61268.56603,-17181.43397
54,1900,6,10,5,9,111730,119764.6355,8034.635522
25.3,7000,9,11,2,4,38430,34139.45165,-4290.548351
66.1,4700,5,7,4,7,108190,124493.1083,16303.10825
26.9,3200,7,12,1,2,64980,61193.32565,-3786.674348
35.6,1000,1,1,2,4,93870,91294.11006,-2575.889941
67.6,6900,1,6,1,3,79630,113336.7203,33706.72029
58,7200,3,10,5,9,95920,93605.47348,-2314.526522
40,2900,6,10,1,2,69540,87425.10066,17885.10066
99.4,3500,2,10,4,5,230780,193945.8973,-36834.10272
52.8,2800,2,2,4,7,118560,111832.2031,-6727.79689
47,200,10,10,1,2,127230,117537.1967,-9692.803295
63.7,5600,1,3,1,5,88170,114331.9233,26161.92332
68.6,9100,1,1,3,7,114210,101251.6854,-12958.31456
59.8,1100,2,2,3,6,118510,135606.8771,17096.87706
98,9500,6,9,4,8,164130,153321.1534,-10808.84659
39.6,1900,11,12,2,5,107980,93019.60525,-14960.39475
58.2,8400,1,1,1,3,97160,86372.02571,-10787.97429
26.9,1700,2,7,1,3,80880,70699.4588,-10180.5412
58.2,8600,2,12,2,4,86360,85104.54129,-1255.458706
66.1,3500,1,5,1,4,138190,132098.0148,-6091.98523
96.2,1200,3,7,4,8,192280,202578.628,10298.62805
44.9,1700,10,12,1,4,102960,104130.7466,1170.746643
32,7300,1,4,1,5,50420,44682.09327,-5737.906728
31.2,4000,5,11,3,6,63540,64109.75118,569.7511808
79.1,7300,7,12,1,3,103850,132160.6298,28310.6298
60.6,3300,5,10,2,3,100920,123150.3835,22230.38346
43.6,2000,1,5,4,6,94760,99815.03811,5055.038114
58.7,3000,5,5,1,2,112630,121522.7519,8892.751928
65.3,600,8,10,5,6,170030,148990.7038,-21039.29616
34.2,1900,5,8,3,6,80470,82990.21889,2520.218894
49.4,8500,4,7,2,3,72410,69394.09834,-3015.901664
54.6,5000,3,3,5,6,90900,101233.0033,10333.00328
37.8,5900,2,2,1,2,67560,64326.78807,-3233.21193
48.8,8200,3,4,4,8,62270,70180.9487,7910.948704
99.7,4000,3,12,3,7,241040,191334.3744,-49705.62564
23.9,8600,6,8,3,4,35350,21399.36502,-13950.63498
55.3,7300,3,4,5,9,66140,87957.03809,21817.03809
28.7,1400,2,5,1,5,62620,75943.81421,13323.81421
44.8,6600,2,8,2,6,63200,72891.64898,9691.648985
28.1,8400,3,8,1,4,45700,30467.48326,-15232.51674
95.5,3900,6,7,5,6,156340,184167.4827,27827.48274
47.3,8500,2,2,5,7,58530,65493.78142,6963.781421
73.2,4000,4,5,1,4,167860,142116.0895,-25743.91052
43.4,8000,6,12,1,2,59820,61419.04677,1599.046771
49.2,5100,4,11,1,3,83190,90569.87472,7379.874716
65.8,4600,7,7,1,4,106530,124569.6623,18039.66233
62.6,2300,3,10,3,7,103120,133202.3931,30082.3931
31.3,1600,7,7,4,5,90050,79505.29359,-10544.70641
83,5800,1,6,2,3,144610,148910.2086,4300.208642
31.6,3000,1,1,1,4,71550,71190.09079,-359.9092134
47.3,7200,1,1,1,2,79770,73732.43015,-6037.569851
33.7,4800,4,12,3,7,67550,63683.04792,-3866.952075
65.1,6000,2,4,4,5,88560,114397.1658,25837.16576
49.7,1800,7,8,2,3,117010,112412.0145,-4597.985475
87.5,5400,1,2,3,6,139070,159802.9994,20732.99944
44.1,3200,1,8,1,4,75330,93138.77848,17808.77848
92.3,200,5,10,5,7,274270,201672.6044,-72597.39556
40.3,6300,1,6,1,3,47250,66435.05365,19185.05365
50.5,5300,1,9,2,4,73350,91716.8722,18366.8722
33.8,300,3,3,2,4,100930,92387.17674,-8542.823256
86.7,9900,1,12,2,5,147160,129798.765,-17361.23502
40,500,1,3,1,2,100260,102634.9137,2374.913692
96.2,3700,3,7,4,8,210280,186735.0728,-23544.9272
55.4,7700,1,1,3,7,73240,85607.79863,12367.79863
45.9,3500,5,6,4,7,105540,94580.68064,-10959.31936
38.6,9700,2,2,1,4,66170,41730.41911,-24439.58089
84.9,4300,3,5,4,6,154450,161945.2,7495.19995
56.4,800,1,2,3,4,146290,131193.3049,-15096.69512
74.4,6100,3,5,6,10,106930,131036.2556,24106.2556
45.3,3100,2,12,4,6,75610,96001.27321,20391.27321
31.9,4500,6,10,1,4,57090,62241.14577,5151.14577
53.2,500,1,2,1,5,99060,127151.1914,28091.19144
75.9,7600,4,5,6,7,135250,124316.0631,-10933.9369
57.7,1700,2,2,3,7,114550,127904.1069,13354.10689
28.8,9300,3,4,3,7,41050,26063.90901,-14986.09099
54.4,1100,6,9,2,4,124850,125577.4907,727.4907079
61.6,7100,5,10,1,3,85380,100925.4733,15545.47326
22.1,9200,3,7,1,3,31890,14253.78297,-17636.21703
53.8,6500,2,5,5,8,80190,90241.03512,10051.03512
41.2,5700,2,11,1,4,70130,71909.0713,1779.071305
56.3,5300,5,6,1,4,94750,102489.1761,7739.176057
44.9,1900,2,11,2,4,103180,102863.2622,-316.7377768
60.1,5300,3,3,4,5,106070,109546.8924,3476.892379
43.6,7100,1,1,4,7,64230,67494.18541,3264.185413
40.3,1600,7,7,2,6,111050,96220.93751,-14829.06249
61,5000,8,9,1,4,97550,113119.6834,15569.6834
64.9,8000,8,12,5,6,84770,101350.8628,16580.86281
56.1,8900,3,3,1,5,83960,79302.99775,-4657.00225
62,6300,2,6,1,4,102070,106738.3284,4668.328442
56.8,5300,9,12,2,3,79860,103417.8229,23557.82294
21.6,6500,1,3,1,4,34350,30436.17575,-3913.824248
22.7,4200,8,8,2,3,43310,47055.26972,3745.269724
55.6,3700,2,6,1,2,115200,111328.9458,-3871.054224
63.5,3700,6,7,5,9,106070,126001.5666,19931.56655
45,1200,1,2,1,2,101770,107485.1871,5715.187069
36.1,5400,6,10,4,7,58910,64338.09971,5428.099712
40.6,3100,5,9,1,4,77980,87271.9925,9291.992498
46.2,6100,4,7,5,9,70310,78660.57131,8350.571311
84.7,9500,1,12,3,5,109160,128619.1463,19459.14629
44.1,600,1,1,1,5,115850,109616.0759,-6233.924064
51.1,6800,1,1,5,6,66360,83325.11531,16965.11531
39.6,6800,2,10,1,2,57890,61966.23697,4076.236966
93.5,5700,10,12,7,8,136700,169045.5354,32345.53543
33.5,6400,4,11,2,4,56480,53171.71381,-3308.286186
75.5,3900,1,7,3,7,136710,147021.6074,10311.60736
24.6,2300,1,2,1,3,57430,62625.22987,5195.229872
43.7,2800,1,6,2,4,79240,94930.82981,15690.82981
42.1,200,3,4,1,4,102560,108436.4572,5876.457237
47.6,3800,3,6,3,4,91290,95836.85341,4546.853413
40.5,9800,1,9,1,3,68740,44625.53506,-24114.46494
54.8,4500,6,11,2,4,124940,104773.1731,-20166.82692
35.6,1200,1,5,2,3,73620,90026.62564,16406.62564
92.8,1200,8,8,6,7,221070,196263.8292,-24806.17077
65.6,3800,7,7,5,8,117600,129268.1413,11668.14126
24.3,1900,2,12,1,4,47070,64603.01058,17533.01058
66.1,3000,1,4,2,3,101190,135266.7258,34076.72582
63.4,9900,10,12,2,4,111240,86523.82017,-24716.17983
26.7,2500,6,6,2,6,44760,65258.06237,20498.06237
67.5,5200,2,4,1,5,118630,123924.6085,5294.60848
31.6,3300,6,7,2,4,59180,69288.86416,10108.86416
95.4,8600,3,3,6,9,128700,154195.8695,25495.8695
26.6,3500,8,8,3,6,58220,58734.91089,514.9108922
79.6,1400,3,6,3,6,215810,170480.0671,-45329.93294
27.7,7700,6,12,2,5,42360,34160.76123,-8199.238774
77.8,2400,3,7,2,3,167110,160799.5162,-6310.483824
42.1,8900,4,9,1,4,64910,53300.88498,-11609.11502
31.1,1000,5,8,1,4,71110,82936.2881,11826.2881
39.7,2700,1,3,2,5,75600,88135.39695,12535.39695
77.9,6600,1,1,3,5,117080,134368.0727,17288.07274
63.6,5500,11,11,3,6,90780,114779.9362,23999.93615
93.8,4700,2,2,6,7,201340,175940.1457,-25399.85434
24.2,200,10,11,2,3,58820,75190.89877,16370.89877
53.9,5400,4,10,3,7,71780,97397.9288,25617.9288
27.2,9200,3,7,1,4,44520,23725.98119,-20794.01881
47,9300,5,7,1,4,68620,59866.65561,-8753.344388
41,5400,3,5,4,6,55620,73438.83918,17818.83918
46.3,4100,1,1,4,7,97960,91521.14488,-6438.855116
32.5,1800,2,2,1,3,84440,80466.5617,-3973.438303
76.5,8600,1,2,2,5,132810,119093.0173,-13716.98273
68.5,2500,5,10,4,6,111530,142892.9419,31362.94191
37.7,5900,2,4,4,5,69300,64141.05869,-5158.941307
49.4,500,4,11,2,3,97840,120093.4751,22253.47512
42.2,3800,4,10,4,8,81980,85807.46706,3827.46706
23,700,3,3,1,4,48910,69793.4352,20883.4352
61.5,6800,1,1,1,2,110200,102640.9705,-7559.029491
44,6600,1,4,1,3,71870,71405.81397,-464.1860303
26.6,3200,12,12,2,5,42820,60636.13752,17816.13752
67.7,3900,7,7,4,7,112900,132534.716,19634.71596
98.2,7300,5,6,4,6,154040,167634.9408,13594.94078
66.1,4800,1,1,1,5,103570,123859.366,20289.36604
36.4,9200,4,4,1,3,49000,40813.08387,-8186.91613
32.8,7200,1,7,1,3,56730,46801.6705,-9928.329503
48.9,6400,5,7,2,5,63550,81774.03786,18224.03786
31.1,7300,1,2,3,7,49990,43010.52888,-6979.47112
43.6,600,1,1,3,7,82600,108687.4291,26087.42905
47.3,5700,1,4,2,5,73850,83238.5633,9388.563296
24.1,2300,4,11,2,4,61260,61696.58299,436.5829874
48.4,7400,1,4,1,5,67990,74507.96888,6517.968875
82.3,4100,3,10,6,7,153710,158383.7206,4673.72057
67.7,7200,4,4,1,2,104980,111621.223,6641.223038
81.8,8400,3,11,5,7,134980,130204.1587,-4775.841336
68.9,8200,1,9,2,4,120790,107512.5535,-13277.44654
90,3600,1,3,3,6,164260,175853.5936,11593.59364
57.6,4300,2,3,2,5,125030,111241.0801,-13788.91995
53.4,5500,1,1,5,6,93810,95835.53971,2025.539707
59.3,4700,4,4,2,3,94510,111863.5106,17353.51062
47,3500,1,5,1,3,102060,96623.70378,-5436.296219
34.9,5600,1,1,1,4,58730,60841.86277,2111.862769
28.8,4300,9,9,3,7,64610,57751.01951,-6858.980494
53,4400,1,1,1,5,93580,102063.7865,8483.786507
90.7,1600,1,1,4,7,174190,189828.5435,15638.54348
51.6,5000,2,3,2,4,79960,95661.12197,15701.12197
36,200,2,8,4,6,110120,97106.96525,-13013.03475
55.8,1100,4,6,5,8,106070,128177.702,22107.70198
98.4,4000,9,10,7,11,204130,188919.8925,-15210.10754
69.8,5900,1,6,6,7,102520,123760.1887,21240.18868
93,7500,2,9,2,5,121650,156709.5288,35059.52877
44.9,2200,5,7,1,5,78820,100962.0356,22142.03559
41.2,4100,1,1,1,5,99300,82048.94666,-17251.05334
62.4,6600,2,9,2,3,98870,105580.0193,6710.01932
57.6,1500,3,8,1,2,148070,128985.8619,-19084.13807
41.5,1400,2,2,1,2,82280,99717.17446,17437.17446
52.3,5100,4,7,2,5,90570,96327.4854,5757.4854
36.2,2500,3,3,1,2,83300,82902.35317,-397.6468266
39.8,3700,6,6,3,7,85430,81983.70422,-3446.295776
51.6,2300,4,6,3,4,99410,112772.1616,13362.16164
24.4,4900,2,3,2,5,50940,45776.47366,-5163.526337
59.1,7700,5,7,2,3,84940,92479.78557,7539.785575
23.7,400,3,7,3,5,65040,72994.76747,7954.767466
34.2,1500,1,1,4,7,94370,85525.18773,-8844.812267
34.6,7700,1,8,1,3,49170,46976.08823,-2193.911768
22.4,3000,2,3,1,5,36380,54102.98811,17722.98811
91.3,2100,1,7,3,6,169350,187774.2087,18424.20869
60.5,2000,5,8,4,5,147190,131203.3028,-15986.69719
48.7,1300,2,2,1,2,89190,113723.4318,24533.4318
40.6,400,4,10,1,3,107300,104383.0322,-2916.967837
98.9,6900,1,10,3,7,160030,171470.0153,11440.01526
62.1,500,2,6,1,2,162000,143681.106,-18318.89401
87.2,1600,4,9,2,4,246530,183328.0153,-63201.98472
32,6900,4,5,2,4,40200,47217.06211,7017.062111
37.2,4700,1,1,4,5,61770,70817.31833,9047.318327
20.3,5400,2,4,1,2,37290,34992.85816,-2297.141839
34.1,2400,4,7,4,8,71230,79635.77847,8405.778468
63.7,4500,3,3,5,9,109320,121303.0876,11983.08763
37.6,2400,1,1,1,5,59930,86136.30666,26206.30666
34.4,6600,1,1,3,4,59310,53575.79379,-5734.206213
43.9,800,2,2,3,6,119550,107977.1328,-11572.86724
44,8800,1,1,1,5,62920,57463.48535,-5456.514646
84.5,5300,9,11,6,7,107480,154864.8603,47384.86034
35.5,8800,1,5,2,6,55330,41676.48832,-13653.51168
72,8900,1,4,6,7,110740,108833.9687,-1906.031322
50.4,5200,1,9,2,4,75560,92164.88503,16604.88503
54,2200,1,1,1,5,125290,117863.4089,-7426.591108
54.6,2200,5,11,5,6,130240,118977.7852,-11262.21485
29.8,500,1,3,2,4,82950,83690.51725,740.5172477
68.8,7700,6,8,5,8,105160,110495.5351,5335.535135
79.6,1700,6,10,5,7,182090,168578.8404,-13511.15957
56.5,4500,5,5,3,4,127580,107930.5725,-19649.42751
90.4,8200,3,9,4,6,125810,147444.3695,21634.3695
42,1100,1,1,1,3,103980,102547.048,-1432.952029
37.6,3300,2,6,2,5,63680,80432.62677,16752.62677
51.2,1000,8,9,3,6,135880,120267.8929,-15612.10714
69.8,1500,3,8,5,7,206290,151644.8459,-54645.15409
35.3,1800,1,2,1,4,84730,85666.98425,936.98425
29.2,2800,2,3,1,2,61330,68000.07016,6670.070161
27,5900,1,10,3,7,33500,44268.01536,10768.01536
86.1,2400,4,10,2,4,217900,176215.0545,-41684.94554
61.1,8100,6,11,4,7,108950,93659.40427,-15290.59573
32,9900,1,6,4,6,50140,28204.79582,-21935.20418
63.7,1100,1,3,2,6,132310,142850.3228,10540.32276
71.4,8000,2,4,5,9,109740,113423.2723,3683.272305
39.9,9300,2,5,2,6,69400,46679.86985,-22720.13015
74.7,8600,5,7,5,8,121490,115749.8885,-5740.111516
57.2,300,2,8,2,5,152310,135847.8509,-16462.14906
91.8,7900,2,2,5,9,131200,151945.8074,20745.8074
45.4,9900,1,3,1,5,80820,53092.53232,-27727.46768
73.8,2100,1,3,2,4,133900,155271.5677,21371.56773
53.3,2800,3,9,5,8,94630,112760.85,18130.85
49.2,7600,9,12,1,5,68560,74726.31947,6166.319471
66.7,2300,1,5,5,8,154030,140817.2975,-13212.70245
99.1,6100,3,3,3,4,137170,176911.4117,39741.41169
66.8,8500,7,11,1,2,89280,101711.0099,12431.00992
41.1,1000,5,5,3,6,93210,101509.2258,8299.225789
43,6500,6,7,2,3,51930,70182.26241,18252.26241
39.3,8700,2,3,4,7,62030,49367.94685,-12662.05315
62.8,400,6,6,1,5,178940,145614.9538,-33325.04616
62.3,700,1,1,1,5,144940,142785.0803,-2154.919677
68.6,3100,3,8,3,7,120690,139276.218,18586.21803
83.2,7300,3,3,1,3,133510,139775.5342,6265.534248
20.4,5900,1,10,1,4,33590,32009.87649,-1580.123512
43.1,2400,1,2,4,7,86690,96351.42239,9661.42239
65.4,1600,1,1,1,3,140610,142839.0111,2229.011119
89.3,4100,1,5,5,6,168050,171384.777,3334.776954
64.9,6600,11,11,4,6,112780,110223.2537,-2556.746257
33.2,5100,4,12,3,6,57370,60853.17441,3483.174411
53.4,8000,1,4,4,5,81410,79991.98446,-1418.015539
84,2700,5,7,5,9,162790,170413.5109,7623.510915
21.8,2000,6,8,1,2,38780,59326.03395,20546.03395
39.9,7200,7,7,1,2,53930,59988.45626,6058.456258
47.7,2100,10,10,4,5,93280,106796.2004,13516.20036
80,6800,5,9,3,6,148500,137000.9052,-11499.09476
68.8,700,9,11,2,5,136010,154857.4898,18847.48982
91.2,8400,2,4,4,5,119040,147662.7201,28622.72009
34.4,5000,3,5,1,5,54150,63715.66914,9565.669144
40.1,8000,7,10,1,3,75000,55289.97733,-19710.02267
29.9,6900,1,1,1,4,41730,43316.7452,1586.745196
77.1,3900,5,7,3,7,197320,149993.2774,-47326.72261
34.3,8000,4,4,1,5,46110,44517.67347,-1592.326528
46.6,5700,6,7,5,9,64410,81938.45766,17528.45766
29,3200,1,3,1,5,49850,65093.64257,15243.64257
81.6,3400,2,11,6,7,143330,161519.8104,18189.8104
47.2,2400,5,9,5,9,90030,103966.3268,13936.32684
47.1,1800,1,1,1,5,110930,107583.0507,-3346.949275
21.3,8700,1,7,1,3,33810,15936.65901,-17873.34099
45.5,7000,5,10,1,3,58260,71656.78578,13396.78578
54.7,1100,1,10,1,4,126070,126134.6788,64.67883859
96,3000,8,10,7,9,190600,190799.8095,199.8095145
22.6,1700,12,12,1,5,58110,62713.09559,4603.095593
36.5,8900,1,2,1,3,55450,42900.03988,-12549.96012
61.8,8100,2,12,2,3,109670,94959.50991,-14710.49009
78,5700,3,3,5,8,125650,140257.482,14607.48201
56.4,8100,2,2,1,2,71720,84930.12356,13210.12356
42.3,1900,1,7,3,4,110360,98034.29842,-12325.70158
24.6,1600,2,2,1,2,69470,67061.42534,-2408.574659
28.7,6800,4,4,2,4,41040,41721.73488,681.7348833
27,4900,1,11,1,4,64460,50605.43746,-13854.56254
98.5,800,4,5,2,6,265590,209385.3726,-56204.62745
25.7,2200,2,10,3,7,57390,65301.99523,7911.995228
99.4,1500,4,11,4,6,265820,206620.7415,-59199.25852
44,2700,3,5,2,5,75440,96121.76015,20681.76015
51.7,800,5,10,5,8,140270,122464.0242,-17805.97584
51.9,800,11,12,2,5,144980,122835.4829,-22144.51709
36.7,4200,5,9,2,5,65400,73057.38249,7657.382491
58.3,9700,1,4,4,7,90510,78319.10636,-12190.89364
69.6,7200,1,3,3,7,112500,115150.0812,2650.081199
55.6,1500,7,8,5,7,144960,125271.2744,-19688.72561
31.1,1700,2,12,3,6,84730,78500.09263,-6229.90737
35.9,7700,6,11,1,5,47980,49390.57013,1410.570132
94.2,4700,2,4,2,6,236790,176683.0632,-60106.93684
45.4,9300,1,4,4,5,69330,56894.98558,-12435.01442
46.3,4800,7,10,1,2,97770,87084.94942,-10685.05058
31.9,9500,6,10,1,4,51730,30554.03528,-21175.96472
87.2,3500,3,4,4,5,164410,171286.9133,6876.913298
55.3,1200,1,6,5,8,140400,126615.3129,-13784.68711
93.1,5000,2,12,7,9,149910,172738.8134,22828.81339
20,3000,1,2,1,5,42150,49645.48307,7495.483065
61.6,7300,4,4,2,4,91030,99657.98884,8627.988837
24.7,5500,1,5,1,2,29410,42531.20853,13121.20853
55.5,5800,9,12,4,5,69540,97834.62999,28294.62999
50.4,400,2,8,4,6,124340,122584.5111,-1755.4889
72.1,1100,1,5,6,10,194920,158451.5904,-36468.40958
41.7,8900,3,4,2,5,54830,52557.96748,-2272.032525
60,8000,4,4,3,6,76950,92250.12334,15300.12334
57.6,9100,10,12,3,4,106150,80821.45398,-25328.54602
84.8,9400,5,11,2,4,134930,129438.6179,-5491.382127
26.7,3200,2,2,2,6,55980,60821.8669,4841.866899
80,7000,2,4,5,6,147210,135733.4208,-11476.57918
53.4,4900,3,3,1,4,117170,99637.99297,-17532.00703
79.1,9400,5,8,1,3,108050,118852.0434,10802.04339
51.7,8300,3,11,4,5,70520,74933.35842,4413.358425
59,200,3,3,2,3,184680,139824.7219,-44855.27807
23,8800,3,3,1,5,32890,18460.3162,-14429.6838
67.5,2000,1,8,2,5,119980,144204.3592,24224.35919
38.1,3300,10,11,1,5,83420,81361.27366,-2058.726344
76.9,6700,1,3,6,9,100350,131877.0368,31527.03676
61.1,5500,4,4,3,6,93040,110136.7017,17096.70173
76.4,5500,5,6,6,9,90000,138553.2964,48553.2964
20.4,1100,9,11,1,2,55360,62429.50256,7069.50256
93,2000,4,10,4,8,232530,191565.3503,-40964.64969
56.5,9000,4,5,3,4,86590,79412.17305,-7177.826953
45.7,4900,1,1,1,2,82500,85336.83094,2836.830944
62.5,8200,5,8,5,6,80920,95625.87334,14705.87334
52,3800,7,8,1,5,115830,104008.946,-11821.054
24.8,3800,10,10,1,2,60040,53490.55548,-6549.444522
54.1,8200,1,1,1,3,64950,80024.60568,15074.60568
35.2,1300,1,2,2,6,81980,88649.96592,6669.965922
34.4,9400,8,10,1,4,52610,35831.01191,-16778.98809
46.5,6900,5,10,5,7,73630,74147.82176,517.8217629
95.7,7300,4,7,5,7,140000,162991.7064,22991.70636
44.5,1500,5,9,2,3,85810,104655.3136,18845.31355
94.7,3300,7,10,4,7,194950,186484.101,-8465.899015
51.5,7200,9,9,1,5,79490,81533.06398,2043.063979
62.7,8400,1,1,4,6,111330,94729.84767,-16600.15233
64,7900,2,3,5,8,80400,100313.0406,19913.04062
50.8,3100,1,2,1,3,111410,106216.3889,-5193.611057
30.2,9900,4,12,2,3,41940,24861.66703,-17078.33297
97.4,2900,6,9,4,7,243440,194033.763,-49406.237
66.3,8900,6,10,2,4,92900,98247.39419,5347.394194
90.6,3600,4,4,1,4,180040,176967.9699,-3072.030097
31.4,9600,1,1,1,4,53800,28991.64618,-24808.35382
66.8,4700,2,2,1,5,156370,125793.2139,-30576.78611
46.9,9600,2,3,3,5,81460,57779.69961,-23680.30039
75.4,100,4,7,6,9,221980,170918.082,-51061.91804
47.3,6000,2,4,4,6,84250,81337.33667,-2912.663334
86,5400,4,9,6,9,133250,157017.0588,23767.05879
52,9600,9,10,3,7,83580,67251.89783,-16328.10217
93.8,8100,7,10,4,5,131700,154392.9105,22692.91052
20.3,4600,11,11,1,3,41710,40062.79584,-1647.204161
54.4,4600,3,6,2,6,100410,103396.5134,2986.513364
37.4,4700,3,12,3,5,64800,71188.77708,6388.77708
90.7,6300,2,3,6,7,149700,160042.6596,10342.65961
46.7,2100,3,5,1,2,105980,104938.9066,-1041.093412
99.2,6300,3,6,5,8,141260,175829.6567,34569.65665
28,2800,6,7,3,4,64050,65771.31764,1721.317638
78.2,7000,4,10,2,3,132160,132390.292,230.2920325
27.5,8100,1,1,1,3,40930,31254.33363,-9675.666367
99.6,4000,2,6,7,10,244400,191148.645,-53251.35502
52.3,2000,1,1,5,7,103130,115973.4939,12843.4939
98.4,6300,1,10,3,5,169230,174343.8216,5113.821636
63.1,7900,1,9,3,6,97620,98641.47623,1021.476231
23.7,2600,2,2,2,5,50230,59052.43885,8822.43885
65.7,3600,1,9,2,6,141550,130721.3551,-10828.64495
43,5000,3,3,4,6,59520,79688.39556,20168.39556
41.6,6700,1,10,4,5,53420,66314.56671,12894.56671
26.1,6900,7,12,1,3,38010,36259.02887,-1750.971126
56.7,9500,5,8,1,5,70940,76614.92075,5674.920752
42.1,7600,1,1,4,7,53800,61539.53371,7739.53371
47.7,5200,1,2,4,8,70190,87150.19185,16960.19185
95.4,400,10,12,2,6,302610,206162.7307,-96447.26929
49.1,1100,1,5,1,3,105430,115733.8337,10303.83373
90.2,500,2,8,6,10,206680,195871.0609,-10808.9391
35,1600,2,4,3,4,87510,86377.28054,-1132.719461
33,3600,2,3,2,3,53930,69987.8488,16057.8488
40.8,1200,3,3,1,3,76920,99684.55324,22764.55324
46,5200,3,7,5,7,76690,83992.79245,7302.792445
28.7,9500,3,4,1,5,40370,24610.69522,-15759.30478
32.2,8700,2,6,1,5,56740,36181.16109,-20558.83891
61.7,3900,10,12,5,7,136740,121390.9533,-15349.04665
37.3,1300,1,2,1,2,86770,92550.28284,5780.282837
67.4,9500,2,4,1,4,127930,96487.96408,-31442.03592
43.3,4100,1,2,2,5,88420,85949.26358,-2470.736423
39.1,4500,6,8,2,6,69940,75613.66091,5673.660907
99,8900,1,6,2,5,120100,158980.9004,38880.90044
67.6,1200,2,8,4,7,139100,149460.0262,10360.02625
30.9,4500,5,5,3,5,54420,60383.852,5963.852001
63.8,1100,3,3,1,5,128500,143036.0521,14536.05214
97.1,3400,11,12,3,4,210520,190307.8638,-20212.13618
65.7,2100,5,9,1,4,166460,140227.4882,-26232.5118
89.2,6700,9,11,5,6,145070,154721.7501,9651.750122
56.4,300,1,2,1,5,138980,134362.0159,-4617.984075
21.5,1200,1,3,3,6,38910,63838.7835,24928.7835
31.8,1200,5,10,1,2,96580,82968.90932,-13611.09068
28.9,5400,1,5,1,3,46680,50965.58457,4285.584575
62,3300,4,11,1,5,134880,125750.5947,-9129.405263
56.9,6300,1,10,3,6,101290,97266.13022,-4023.86978
61.2,4600,3,8,4,5,142090,116026.111,-26063.88901
98.7,7000,8,11,3,6,148890,170464.8143,21574.8143
41.7,2000,2,9,3,5,98560,96286.17995,-2273.820048
28.5,3600,1,2,2,4,67920,61630.02684,-6289.973156
20.1,4700,5,10,1,4,44720,39057.59488,-5662.405125
50.5,3000,2,9,3,4,106740,106292.943,-447.056978
50.9,400,5,5,5,7,118870,123513.158,4643.157985
85.6,3300,3,11,5,9,177110,169582.7277,-7527.272313
27.7,9600,3,9,3,5,41760,22119.65924,-19640.34076
94.8,5200,1,1,3,7,170550,174628.7284,4078.728376
46,4300,8,8,1,5,102290,89696.47233,-12593.52767
22.9,500,2,7,3,7,55010,70875.19024,15865.19024
67.5,2900,4,6,3,4,166400,138500.6793,-27899.32069
47.9,7600,7,9,1,3,70210,72311.83757,2101.837571
30.8,9800,6,9,3,6,55530,26609.7855,-28920.2145
69,4600,5,12,3,7,111500,130513.0024,19013.00239
54.7,1200,6,6,1,5,98700,125500.9366,26800.93663
77.9,6300,6,9,1,5,145930,136269.2994,-9660.70063
41.8,800,7,7,1,5,101080,104076.8158,2996.815847
55.9,4000,1,7,3,4,98300,109984.9073,11684.90728
64.1,3900,10,12,5,9,118620,125848.4584,7228.458393
73,7400,1,4,1,2,119440,120197.3956,757.3955941
68.4,100,4,9,1,4,194420,157917.0256,-36502.97443
76,6700,2,4,1,3,115880,130205.4724,14325.47237
39,3900,6,10,4,5,63460,79230.38479,15770.38479
65.7,2500,1,2,1,5,159530,137692.5194,-21837.48064
32.5,7100,4,6,1,5,47730,46878.22458,-851.7754237
89.8,3800,9,12,6,7,201840,174214.6505,-27625.34953
68.5,5300,1,1,3,4,121380,125148.16,3768.160039
59.7,5100,3,3,1,3,94340,110071.4593,15731.45929
36.9,7400,3,8,1,5,55660,53149.09053,-2510.909469
59.9,2200,2,2,5,9,91910,128821.4421,36911.44213
54.5,3600,1,1,2,4,95200,109919.6648,14719.66484
75.8,3900,4,5,5,8,117610,147578.7955,29968.79549
30.1,9300,1,12,4,5,45530,28478.39091,-17051.60909
35.4,6800,9,12,1,4,59390,54165.60314,-5224.396864
28.1,3200,3,8,1,3,53300,63422.07818,10122.07818
59.9,500,1,3,3,4,114660,139595.0597,24935.0597
32.8,2800,2,5,1,2,62750,74686.32773,11936.32773
71.5,7900,9,9,2,6,114800,114242.7439,-557.2561086
25,4000,6,8,3,5,48660,52594.52981,3934.529813
82,8700,4,11,1,3,111470,128674.3908,17204.39079
23.3,2100,5,11,1,4,53140,61478.23239,8338.232392
69.5,4400,3,12,2,3,117780,132709.1337,14929.1337
52.8,5100,5,7,2,6,76790,97256.13228,20466.13228
85,6600,8,9,2,5,122010,147554.8585,25544.8585
55.1,8300,1,2,2,4,85140,81248.15724,-3891.842761
29.3,1100,1,10,2,4,72540,78959.4171,6419.417104
22.7,6000,1,1,1,4,35910,35647.90995,-262.0900526
67.7,8200,1,4,3,4,86450,105283.8009,18833.80094
63.7,6500,3,3,5,7,82610,108628.2434,26018.24343
42.1,2700,3,7,1,2,99060,92592.90199,-6467.098009
58,4600,2,2,1,3,103720,110082.7709,6362.770933
62.5,4100,3,9,2,5,155680,121609.3039,-34070.69606
46.3,7600,2,8,3,6,66850,69340.16754,2490.16754
61.3,2100,1,12,3,5,139630,132055.3956,-7574.604384
63.1,4100,2,4,3,7,159930,122723.6802,-37206.3198
59.2,9100,8,10,1,4,87620,83793.12401,-3826.875986
36.1,600,7,12,3,7,73420,94757.72578,21337.72578
42.5,200,3,4,3,6,110580,109179.3747,-1400.625256
67.8,700,4,6,3,4,178670,153000.1961,-25669.80395
24.9,800,11,11,2,4,46200,72688.55115,26488.55115
59,5000,4,10,3,7,100490,109405.0959,8915.095863
73.3,9200,7,7,4,8,123750,109347.2239,-14402.77605
63.7,9500,2,2,4,8,86510,89615.97714,3105.977136
23.6,6600,1,5,2,6,38180,33517.02108,-4662.978919
48.8,6300,10,11,1,5,78170,82222.05069,4052.050691
69.2,900,11,11,3,5,152150,154332.9229,2182.92291
35.4,4600,4,6,1,4,81580,68107.93175,-13472.06825
36.3,1800,6,7,1,3,81110,87524.27802,6414.278019
42,6700,2,3,1,3,64220,67057.48422,2837.484222
31.6,2300,5,7,4,5,73120,75626.28626,2506.286255
56,6900,3,4,3,4,88140,91792.11257,3652.112569
58.7,8000,3,10,5,7,79680,89835.64144,10155.64144
60.6,5800,2,2,5,7,106130,107306.8282,1176.828215
93.4,9200,4,7,3,7,141790,146678.8287,4888.828706
32.1,7600,2,5,4,8,51590,42966.59602,-8623.40398
84.2,7000,1,1,5,6,127380,143534.0546,16154.05465
38,9700,1,5,2,6,66170,40616.04285,-25553.95715
75.1,4800,8,10,2,6,160380,140575.01,-19804.99004
65.4,7700,1,2,4,5,92700,104180.7363,11480.73632
77.9,8600,2,2,6,8,124230,121693.2285,-2536.771455
37.7,1200,2,9,1,3,96770,93926.94255,-2843.057445
96.2,3300,7,11,6,8,243550,189270.0416,-54279.95836
55.8,5900,2,12,5,6,100980,97758.07591,-3221.924087
20.7,3900,7,7,1,4,48730,45241.90882,-3488.091185
69.4,8600,9,12,4,7,118140,105906.2315,-12233.76849
67.2,4800,5,5,3,5,116540,125902.3892,9362.389189
40.9,5900,4,9,2,5,59680,70084.39875,10404.39875
59.2,800,2,3,1,5,118330,136393.7274,18063.72743
41.5,100,4,7,4,7,114090,107955.8232,-6134.176815
81.3,6800,3,3,2,3,116630,139415.3871,22785.38714
50.6,5200,5,11,2,6,78780,92536.34378,13756.34378
49.5,3900,2,11,1,4,110600,98731.96936,-11868.03064
28.5,2100,1,3,2,6,49530,71136.15999,21606.15999
90.2,1700,3,10,2,6,222530,188266.1544,-34263.84562
52.7,1300,2,2,5,8,106430,121152.6069,14722.60688
52.3,3200,3,4,1,3,106040,108368.5874,2328.587387
33.3,1100,3,6,1,5,84400,86388.59218,1988.592181
24.4,300,2,7,1,3,60170,74928.61531,14758.61531
20.7,6100,4,6,1,5,29100,31299.5802,2199.580199
69.9,7600,3,10,5,8,118260,113172.3005,-5087.69951
28.9,1000,6,11,2,4,66080,78850.24181,12770.24181
55.5,6500,2,2,3,6,77920,93398.43452,15478.43452
23.7,8000,10,12,2,5,39350,24830.35952,-14519.64048
20.1,8400,1,2,1,4,30390,15609.13311,-14780.86689
49.8,4100,1,2,3,5,81480,98021.67308,16541.67308
44.7,5500,4,8,1,3,77710,79677.08392,1967.083916
59.5,7700,5,6,2,5,91620,93222.70308,1602.703082
32.1,6200,2,3,4,7,44750,51838.98696,7088.986957
67.7,4000,5,5,1,2,160240,131900.9738,-28339.02625
59.3,1600,2,10,1,4,124950,131509.5191,6559.519127
41.2,1300,2,2,1,3,80570,99793.72854,19223.72854
74.5,6300,2,4,6,7,101130,129954.5006,28824.50056
57.9,8000,9,10,3,4,91550,88349.80642,-3200.193578
83.9,3200,1,5,4,7,187030,167059.0705,-19970.92951
21.3,1000,1,10,3,5,56640,64734.80916,8094.809162
43.6,2700,3,3,2,4,84830,95378.84264,10548.84264
51.2,4300,11,11,1,4,109440,99354.39993,-10085.60007
51.9,1300,3,5,4,5,139580,119666.7719,-19913.22813
52.4,5200,3,5,3,5,94380,95879.47257,1499.472567
30.5,2300,6,8,2,6,54380,73583.26311,19203.26311
29.7,3900,4,7,2,3,69230,61957.55274,-7272.447263
60.9,4800,3,4,4,6,130550,114201.4384,-16348.56156
32.5,9300,7,9,4,6,43530,32935.89596,-10594.10404
32.8,3300,1,2,1,4,72850,71517.61668,-1332.38332
57.9,4100,3,5,1,4,99500,113065.7526,13565.75261
80.7,8500,2,4,6,8,99890,127527.3933,27637.39331
66.6,8500,3,3,5,9,79120,101339.5512,22219.55116
84.7,3800,2,3,6,8,156270,164742.4522,8472.452246
34.7,3000,1,2,4,7,68540,76947.70147,8407.701471
96.8,1500,1,12,3,4,263790,201791.7777,-61998.22232
37.8,2300,5,10,1,5,87870,87141.50762,-728.4923764
34.9,2600,10,11,1,2,62910,79854.12906,16944.12906
54,6400,1,1,3,5,82860,91246.23608,8386.23608
85.7,2600,2,2,6,8,142990,174204.6525,31214.65253
39.9,4900,1,6,2,6,62190,74564.52708,12374.52708
67.2,3000,10,10,5,6,108740,137309.749,28569.74897
22.7,7000,1,6,1,3,36810,29310.48785,-7499.512151
46.2,2700,7,11,5,9,88170,100207.8064,12037.80644
67.8,6400,8,10,2,4,99510,116876.8901,17366.89009
37.5,9000,2,6,1,2,47090,44123.59144,-2966.408565
30.3,7100,1,6,1,5,38640,42792.17828,4152.178284
34.4,4700,3,5,1,2,55940,65616.89577,9676.895773
50.9,1000,1,1,3,6,123500,119710.7047,-3789.295274
34.4,1100,1,6,1,5,71360,88431.61533,17071.61533
65.9,2600,1,1,2,5,106100,137430.2359,31330.2359
35.4,2600,5,10,1,2,89750,80782.77595,-8967.224052
39.7,8200,1,8,1,2,52160,53279.57541,1119.575406
88.7,7800,7,7,1,4,106650,146821.9389,40171.93893
42,2500,12,12,2,3,91770,93674.65703,1904.657034
34.2,7300,5,7,2,3,42850,48768.13956,5918.139564
23.2,100,6,6,3,5,60730,73967.34721,13237.34721
64.6,9600,2,12,1,5,113650,90653.79932,-22996.20068
57.7,8600,1,2,4,6,68700,84175.89441,15475.89441
62.7,5300,4,4,1,5,105460,114375.8562,8915.856179
59.9,1000,3,8,3,6,129570,136426.3486,6856.348648
71.5,4200,2,7,4,7,160300,137691.2057,-22608.79435
40.7,500,1,1,2,6,109190,103935.0193,-5254.980669
83.8,4500,1,8,1,2,128440,158634.6924,30194.69238
47.9,4600,1,1,5,9,93590,91324.10387,-2265.896135
70.6,3900,2,11,4,5,174850,137920.8679,-36929.13211
36.5,700,3,3,1,5,102820,94866.90108,-7953.098919
56.4,5800,4,11,3,5,95050,99506.19438,4456.194385
53.1,1800,6,9,3,5,120910,118726.8133,-2183.186661
90.7,6700,4,12,6,7,115370,157507.6908,42137.69078
67.8,4700,3,7,2,4,132490,127650.5077,-4839.49234
74.7,6000,6,11,1,5,137100,132227.1859,-4872.814061
49.3,7100,9,11,4,7,79850,78080.7599,-1769.240103
94.3,200,7,7,4,6,216410,205387.192,-11022.80802
21.5,6200,12,12,3,7,29350,32151.673,2801.673005
52.7,3200,3,11,1,3,102030,109111.5049,7081.504894
27.5,8000,1,3,2,6,42420,31888.07584,-10531.92416
51.6,5800,1,3,3,5,67010,90591.18429,23581.18429
62.4,8600,8,9,2,3,90810,92905.17512,2095.175124
86.4,7200,2,5,1,2,154140,146352.6165,-7787.383481
36.1,7600,1,6,1,5,42390,50395.7711,8005.771096
79,4400,7,8,6,10,151720,150353.4245,-1366.575497
24.1,4500,1,1,2,5,52720,47754.25437,-4965.745629
41.8,8500,4,4,1,5,63990,55278.66569,-8711.334309
37,7900,3,3,2,3,62570,50166.10886,-12403.89114
77.6,4100,5,8,3,4,179210,149654.4399,-29555.56014
45.5,1600,7,9,4,7,134810,105878.8651,-28931.13489
51.5,9100,4,7,1,3,86350,69491.96199,-16858.03801
55.3,6200,2,4,3,6,76700,94928.2024,18228.2024
41.1,3500,1,3,1,2,81000,85665.67054,4665.670544
42.8,1100,9,10,1,3,84160,104032.883,19872.88299
67.2,7000,1,1,1,4,80490,111960.0606,31470.06057
69,9500,3,6,6,8,88490,99459.63411,10969.63411
20.8,3500,4,4,3,6,46810,47962.60703,1152.607032
22.8,4800,6,7,1,2,45730,43438.54584,-2291.454158
86.3,6500,2,5,4,7,128880,150603.0826,21723.08261
45.3,400,4,4,2,3,135760,113112.3129,-22647.68712
78.7,4100,2,2,1,5,173600,151697.463,-21902.537
43.6,6600,3,12,2,6,65940,70662.89646,4722.896462
21.1,3500,3,3,1,5,42210,48519.79516,6309.795162
58.2,3400,1,1,2,6,105700,118059.1362,12359.1362
58.9,8400,6,7,1,2,103210,87672.13135,-15537.86865
48.1,2200,1,1,3,4,74060,106905.3757,32845.37565
45.7,1000,3,6,3,5,135020,110052.7771,-24967.22287
40.8,5500,7,11,1,4,75270,72433.63822,-2836.361783
83.4,7100,6,9,1,5,138010,141414.4774,3404.477422
53.5,1900,5,6,2,5,153060,118835.9886,-34224.01136
48.3,3700,1,7,2,5,97450,97770.70126,320.7012613
51.6,8000,1,8,4,7,86050,76648.85568,-9401.144323
59.6,1300,5,8,4,7,163570,133967.9339,-29602.06611
31.8,9300,4,7,3,5,58900,31635.79032,-27264.20968
42.2,4300,3,3,2,6,83480,82638.75601,-841.2439889
61.9,5800,7,10,1,5,106900,109721.3101,2821.310114
72.1,6600,6,9,5,7,107810,123595.7689,15785.76888
67.6,3100,3,11,5,7,134410,137418.9243,3008.924263
69.9,9900,2,4,1,2,131480,98596.22966,-32883.77034
52.9,3100,2,6,4,8,108950,110116.7059,1166.705858
49.7,9400,9,10,1,5,66280,64247.60658,-2032.393422
58.9,5700,2,12,1,3,79060,104783.171,25723.17102
96.8,4500,4,7,6,8,222910,182779.5114,-40130.48862
42.8,6300,7,11,1,5,53750,71078.28808,17328.28808
99.8,2700,4,4,4,5,173080,199758.7525,26678.75247
48.7,2000,1,2,3,4,83670,109287.2363,25617.23634
31.2,8200,2,4,3,7,41970,37492.57837,-4477.421631
45.2,6600,1,1,1,2,53330,73634.56649,20304.56649
81.1,7500,1,1,6,10,142250,134607.7329,-7642.267086
46.5,5300,4,11,5,7,85650,84287.69712,-1362.30288
82.7,5200,1,6,2,4,133750,152155.4738,18405.47377
34.2,5100,1,1,1,3,42290,62710.46818,20420.46818
73.8,1400,1,11,6,7,152500,159707.7632,7207.763198
51.4,7200,10,10,2,3,71420,81347.3346,9927.334602
78.1,4400,2,12,5,9,160260,148681.8601,-11578.13989
63.8,6200,5,5,2,3,106110,110715.1994,4605.199436
69.5,9500,6,12,5,8,128410,100388.281,-28021.719
42,5500,5,7,3,6,60680,74662.39074,13982.39074
87.9,8800,1,2,4,5,149280,138998.6818,-10281.31818
67.8,2900,1,1,2,4,146630,139057.8674,-7572.132563
82.2,4100,5,10,4,6,186860,158197.9912,-28662.00881
39.1,1300,4,5,4,7,73750,95893.41162,22143.41162
91.2,200,4,6,5,8,225430,199629.5813,-25800.4187
62.1,4000,1,1,5,8,150620,121500.1286,-29119.87136
70,7100,1,1,5,9,105900,116526.7409,10626.74092
50.5,7900,3,3,1,2,62900,75239.57474,12339.57474
89.6,3900,1,6,6,10,210300,173209.4495,-37090.5505
65.3,1400,1,8,2,5,137990,143920.7662,5930.766161
55.3,1500,2,5,4,6,165010,124714.0863,-40295.91374
49.1,8800,1,10,2,5,69460,66935.68358,-2524.316424
23.5,3200,1,4,1,2,45090,54878.52684,9788.526838
22.8,1800,7,8,2,4,65640,62450.81214,-3189.187863
28,2000,1,5,2,6,44520,70841.25532,26321.25532
61.8,4800,1,1,4,8,105120,115873.0028,10753.00284
39.4,8500,10,12,4,6,54120,50821.16065,-3298.839355
37.7,9500,3,9,1,4,65070,41326.33914,-23743.66086
99.4,3200,2,6,2,5,184510,195847.1239,11337.12391
51.3,6300,1,3,1,2,87580,86865.28511,-714.7148867
49.1,5600,1,12,1,3,58810,87215.43429,28405.43429
26.4,7600,10,11,2,4,46040,32380.02154,-13659.97846
27,6600,7,7,2,5,41650,39831.8199,-1818.180104
63.4,9700,6,6,4,7,111550,87791.30459,-23758.69541
34.6,8200,5,9,3,4,56370,43807.37718,-12562.62282
38.7,3400,1,4,1,5,73350,81841.90771,8491.907708
88.8,6800,2,2,6,10,132340,153345.0904,21005.0904
51.2,3300,2,4,5,8,98930,105691.822,6761.822031
46.1,8500,6,7,1,3,78160,63265.0289,-14894.9711
29.4,900,3,4,1,5,81570,80412.6309,-1157.369099
38.2,6500,3,8,2,3,55770,61267.25232,5497.252319
55.3,600,1,10,1,5,104560,130417.7661,25857.76615
87,3100,1,3,6,9,184780,173450.4234,-11329.57662
70,100,2,7,2,6,182140,160888.6956,-21251.3044
39.7,5600,4,5,1,3,59840,69756.87286,9916.872861
58.7,5100,1,7,3,4,91390,108214.1655,16824.16552
95.6,2300,1,7,5,9,216730,194493.0875,-22236.91252
35.9,4400,3,12,1,5,66670,70304.06306,3634.063056
55.4,8700,5,10,1,3,74620,79270.37653,4650.376531
68.4,7100,1,3,1,5,110190,113555.0709,3365.070886
99.9,9200,3,4,5,7,164080,158751.2382,-5328.761795
46.9,2300,3,11,1,4,100600,104042.8809,3442.880922
43.4,6700,1,3,1,5,75930,69657.6955,-6272.304502
34.2,1800,1,1,2,6,75380,83623.9611,8243.961104
40.2,6000,1,9,3,6,65550,68150.55091,2600.550906
39.8,7600,3,7,1,2,74860,57267.75804,-17592.24196
97.4,2600,3,4,7,9,154890,195934.9896,41044.98963
20.9,1500,2,12,1,4,48480,60823.1806,12343.1806
50.4,4600,3,5,5,8,114330,95967.33829,-18362.66171
27.3,5100,1,10,1,3,44200,49895.14117,5695.141174
40.6,6400,2,4,1,5,52410,66358.49957,13948.49957
51.4,4500,2,11,3,4,87500,98458.37427,10958.37427
42.8,4700,2,8,1,2,80460,81218.16343,758.1634333
31.9,5400,2,5,1,2,51510,56537.46588,5027.465882
50.7,7000,1,12,3,7,84730,81314.71338,-3415.286617
49.8,1800,5,7,1,3,100950,112597.7439,11647.7439
34.3,6500,1,3,3,4,59270,54023.80662,-5246.19338
49.8,8500,3,3,1,2,84840,70137.01584,-14702.98416
55.3,9700,3,12,4,7,68870,72747.22506,3877.225056
24.1,6300,1,1,3,7,41490,36346.89459,-5143.105405
58,3900,1,1,4,5,108520,114518.9664,5998.966402
64.2,4700,7,10,3,7,146920,120964.2501,-25955.74991
99.1,2800,12,12,5,6,237600,197824.9046,-39775.09538
31.3,9000,2,2,2,4,42500,32608.37007,-9891.629933
83.8,7900,1,7,6,8,119910,137087.4573,17177.45725
59.6,3100,7,9,5,8,147380,122560.5741,-24819.42589
29.6,9600,4,10,2,5,48450,25648.5174,-22801.4826
38.2,3700,1,4,1,2,71160,79012.03419,7852.034194
48.8,9400,1,10,2,5,79400,62576.04219,-16823.95781
44.1,3300,2,3,4,8,76120,92505.03627,16385.03627
94.1,9100,4,7,6,7,154470,148612.6766,-5857.323446
49.7,4700,1,1,1,4,97820,94033.49044,-3786.50956
29.6,2500,10,11,1,4,50450,70644.2143,20194.2143
68.2,4800,3,10,5,7,144280,127759.683,-16520.31704
59.7,700,8,12,1,3,148080,137956.1165,-10123.88348
61.1,4200,3,9,5,9,112140,118375.3505,6235.350456
53.5,7200,4,4,1,3,94080,85247.65152,-8832.348483
56.6,200,6,6,3,5,148590,135367.2169,-13222.78311
85.5,3400,8,10,3,7,155460,168763.2561,13303.2561
64.6,9600,7,8,2,5,98190,90653.79932,-7536.200682
86.9,1200,3,3,6,9,177450,185305.796,7855.795993
56.6,4500,2,8,1,4,130120,108116.3019,-22003.69813
98.7,6900,2,4,5,8,139520,171098.5565,31578.55651
36.9,1400,2,9,1,2,101720,91173.62312,-10546.37688
73.2,5000,10,12,6,9,103750,135778.6674,32028.66738
60.2,7200,1,12,4,7,80020,97691.51977,17671.51977
35,5700,1,11,1,3,62650,60393.84994,-2256.150064
30.4,6100,1,1,3,7,52830,49315.32976,-3514.670241
77.6,2900,2,3,1,3,166910,157259.3464,-9650.653626
58.9,2100,1,3,1,5,97590,127597.8906,30007.89057
50.3,3700,6,7,1,2,103120,101485.2888,-1634.711201
53.7,6600,1,6,2,4,67460,89421.56353,21961.56353
99.1,6700,5,5,4,5,171150,173108.9584,1958.958435
66.9,1000,9,12,5,6,152530,149427.405,-3102.594969
85.4,4600,1,10,6,7,162170,160972.6202,-1197.379795
32.6,5800,4,10,1,5,53360,55302.60268,1942.602681
89.1,9800,2,5,1,5,162090,134890.0122,-27199.98776
60.2,5000,1,4,1,3,101150,111633.8484,10483.84839
94.2,2800,4,4,4,6,202030,188724.1651,-13305.83485
47.3,2900,6,8,1,3,84290,100983.3452,16693.34517
67.1,5200,3,4,4,6,105500,123181.691,17681.69097
22.8,4300,11,12,1,5,50190,46607.25689,-3582.743109
32,6200,3,5,1,2,44380,51653.25758,7273.25758
45.9,3900,4,4,1,3,91990,92045.7118,55.71179594
88,5000,2,10,4,5,152820,163266.6152,10446.61517
55.9,4500,2,5,2,5,138120,106816.1962,-31303.80377
53.4,3900,7,10,1,2,111600,105975.4151,-5624.584936
24.9,600,6,6,1,3,62880,73956.03557,11076.03557
98.8,9400,4,11,6,8,175330,155440.7306,-19889.26936
46.9,100,8,10,1,4,143190,117985.2095,-25204.79046
57.1,1500,3,11,1,3,161700,128057.215,-33642.78495
60.5,9400,6,9,5,7,107820,84306.37928,-23513.62072
90.6,7500,11,12,6,10,109580,152252.0237,42672.02372
49.4,4900,4,9,2,4,99720,92208.81789,-7511.18211
91,8300,1,2,4,6,113590,147925.0035,34335.00355
49.5,1100,2,9,5,7,122210,116476.7512,-5733.248761
80.3,8600,3,12,6,7,119380,126150.7336,6770.73359
56.4,9700,1,11,2,6,94100,74790.2482,-19309.7518
58.6,1700,5,9,1,4,144740,129575.6713,-15164.32872
34.2,500,11,11,3,6,95940,91862.60983,-4077.390168
70.8,400,1,2,1,4,192750,160473.304,-32276.69601
34,300,1,10,1,3,97760,92758.6355,-5001.364503
54.5,6600,2,6,3,5,99200,90907.39854,-8292.601455
20.6,8200,4,12,3,6,30490,17805.26442,-12684.73558
68.4,5500,1,2,2,3,122930,123694.9462,764.9462429
52,4000,2,2,2,5,111570,102741.4616,-8828.538423
50.9,6300,4,4,1,4,90840,86122.36761,-4717.632394
32.1,8100,9,10,1,2,54220,39797.88497,-14422.11503
82.2,2100,5,12,6,9,141810,170872.8354,29062.83539
30.8,5800,11,11,3,7,52610,51959.4739,-650.5261035
99.7,7100,2,4,6,9,158360,171688.3659,13328.36586
58.2,9700,10,11,2,4,91970,78133.37699,-13836.62301
47.7,3200,2,2,3,6,81690,99825.03605,18135.03605
37.3,8800,5,6,3,6,66060,45019.6171,-21040.3829
98.8,1800,3,6,3,4,229200,203605.1386,-25594.86141
58.9,200,1,1,1,4,148160,139638.9926,-8521.007443
81,5200,1,6,1,5,126330,148998.0744,22668.07436
52.3,7600,2,5,2,5,71640,80483.93015,8843.930155
39.3,1400,10,12,1,4,111740,95631.12817,-16108.87183
37,9700,3,7,1,2,52860,38758.74908,-14101.25092
27.5,4200,3,3,2,3,65380,55970.27982,-9409.720184
29.2,6900,2,9,1,2,42740,42016.63956,-723.360442
53.2,4700,1,5,1,2,84500,100534.0186,16034.01863
25.1,1900,2,7,1,3,69620,66088.8456,-3531.154404
93.2,2200,7,9,4,7,223650,190669.3246,-32980.67536
58.4,700,2,5,3,7,134420,135541.6346,1121.634623
66.9,6700,2,4,3,7,84520,113304.0991,28784.09907
35.4,5700,7,8,1,2,58620,61136.76744,2516.767444
94.5,3900,1,1,2,4,153510,182310.189,28800.18897
43.6,6400,2,3,4,5,55440,71930.38088,16490.38088
48.8,7500,6,6,4,6,81330,74617.14417,-6712.855827
48,4200,4,6,4,6,88230,94044.80208,5814.802082
64.9,9500,2,2,5,6,100340,91844.72966,-8495.270342
47.2,4500,3,6,5,9,110170,90657.74044,-19512.25956
30.6,1900,4,9,1,4,87060,76303.96133,-10756.03867
65.8,900,1,1,5,6,177180,148018.1241,-29161.87591
20.7,5000,1,11,2,5,36960,38270.74451,1310.744507
30.1,8200,1,5,2,3,43230,35449.55522,-7780.444777
71,8200,1,4,5,6,115530,111412.8704,-4117.129623
29.4,3100,3,12,1,3,51670,66470.30228,14800.30228
79.5,7100,1,10,2,3,102600,134171.0317,31571.03172
34.5,1200,6,6,1,3,84610,87983.60249,3373.602494
74.4,6600,1,5,1,4,126280,127867.5445,1587.544549
65.3,7700,5,9,1,3,81700,103995.0069,22295.00694
79,3400,1,3,6,10,136360,156690.8466,20330.8466
26.8,500,2,2,1,3,68040,78118.63594,10078.63594
59.5,4400,1,9,1,4,115290,114136.196,-1153.803994
32.3,7000,9,9,1,4,50340,47140.50803,-3199.491968
89.2,9500,2,9,5,8,151930,136976.9682,-14953.03175
24.8,1200,10,11,2,3,67760,69967.85293,2207.852934
70.5,5700,8,8,1,5,93080,126327.7787,33247.77874
44.5,3900,1,3,1,5,85380,89445.50052,4065.500519
63.5,600,2,4,2,5,173670,145647.5751,-28022.42494
68.5,4500,1,8,4,5,136670,130218.0977,-6451.902282
64.2,3500,1,1,3,7,101980,128569.1566,26589.15661
42.3,8200,5,11,1,3,71930,58108.53921,-13821.46079
57.9,3400,1,1,4,7,116720,117501.9481,781.9480738
28.3,8700,2,10,1,4,51430,28937.71539,-22492.28461
73.7,2100,6,12,2,3,125740,155085.8384,29345.83835
36.7,2900,6,11,1,3,82520,81296.03122,-1223.968781
30.2,300,3,3,1,3,69900,85700.91917,15800.91917
47.8,4400,5,9,3,6,105300,92405.85891,-12894.14109
46.3,7500,4,6,1,2,81240,69973.90975,-11266.09025
38.7,4400,1,2,4,6,61680,75504.48561,13824.48561
56.9,6600,2,6,4,8,79510,95364.90359,15854.90359
47.3,6300,1,1,1,2,62790,79436.11004,16646.11004
38.6,6400,1,6,1,5,66210,62643.91204,-3566.087964
22.4,7000,3,3,1,2,39850,28753.29972,-11096.70028
21.1,1700,8,9,3,6,43240,59927.15494,16687.15494
52.6,2800,7,11,1,5,134260,111460.7444,-22799.25564
75.9,3300,2,4,3,5,148600,151566.9781,2966.978127
56.4,7900,1,1,4,6,72530,86197.60798,13667.60798
50.6,4000,1,4,4,8,108610,100141.2503,-8468.749699
39.3,5400,4,6,4,6,71940,70281.43977,-1658.560227
75.3,9400,5,11,2,6,114520,111794.3271,-2725.672933
31.8,4800,3,8,3,6,60960,60154.18976,-805.8102362
60.9,8300,8,12,3,5,84640,92020.4611,7380.4611
53.2,6000,7,8,1,3,79430,92295.3699,12865.3699
38.6,7900,6,7,1,3,56380,53137.77889,-3242.221111
25.9,1800,5,9,3,4,63820,68208.42282,4388.422821
50.9,2200,3,4,3,5,81350,112105.7982,30755.79821
41.8,4600,1,6,3,7,80730,79994.61187,-735.388126
27.9,6200,3,3,2,5,35000,44038.35313,9038.353127
37.1,7600,1,8,1,3,57860,52253.06486,-5606.935135
44.9,4300,3,8,1,3,81250,87653.44919,6403.449188
54.9,3900,3,7,1,4,136900,108761.3557,-28138.64428
57.2,7300,6,11,5,9,83030,91485.89625,8455.896253
65.6,7000,5,6,4,7,85190,108988.3905,23798.39054
47.4,6300,4,5,4,8,67310,79621.83941,12311.83941
29.9,4400,2,3,1,2,49810,59160.30044,9350.300442
31.6,200,3,5,1,3,84950,88934.87266,3984.872662
68.6,3000,3,7,2,3,129290,139909.9602,10619.96024
60.7,4600,4,9,2,6,100740,115097.4641,14357.46411
47.8,8500,7,7,3,5,84490,66422.42831,-18067.57169
77.7,5500,2,5,6,9,110940,140967.7783,30027.7783
47,6700,1,1,1,2,76560,76343.95307,-216.046933
43,8600,7,10,1,3,67230,56873.676,-10356.324
24,4800,5,9,1,2,41010,45667.29837,4657.298365
26.5,7600,4,5,3,6,37990,32565.75091,-5424.249087
51.5,1200,1,4,1,3,142100,119557.5966,-22542.40343
63.5,4400,1,1,4,5,149100,121565.3711,-27534.62892
49,9300,8,10,1,2,70050,63581.24315,-6468.75685
61.1,7600,5,5,1,2,87590,96828.11532,9238.115323
32.9,1000,1,2,1,4,81390,86279.41688,4889.416883
27.5,7700,9,12,1,4,49580,33789.30247,-15790.69753
61.5,8100,8,9,4,8,103170,94402.32178,-8767.678219
32.2,6000,2,7,1,3,42240,53292.20075,11052.20075
60.1,5700,3,11,1,2,82210,107011.9235,24801.92354
26.9,4700,2,2,2,4,47910,51687.19251,3777.192505
58.9,6700,9,9,5,7,90750,98445.74892,7695.748919
54.8,1800,3,6,1,2,117810,121884.2127,4074.212747
53.6,9000,3,12,2,6,71590,74026.02112,2436.021117
45.2,4600,2,3,1,5,93680,86309.41069,-7370.589311
26.8,6600,5,8,1,4,34140,39460.36114,5320.361142
67.5,5300,3,4,2,4,119980,123290.8663,3310.86627
55.1,6500,9,9,2,4,70910,92655.51702,21745.51702
78.7,7800,1,2,6,10,104890,128249.0012,23359.00124
50.3,8700,5,12,1,5,62500,69798.17831,7298.178309
59.7,1400,6,6,2,5,153390,133519.9211,-19870.07895
32,3300,4,8,4,6,58790,70031.78166,11241.78166
78.8,4600,8,9,6,9,167150,148714.4813,-18435.51867
43,3500,4,4,2,5,76500,89194.5287,12694.5287
52.6,900,2,4,1,3,127720,123501.8463,-4218.153657
52,8900,11,11,2,5,67900,71688.0933,3788.093296
78.2,8900,6,8,4,5,122720,120349.19,-2370.809954
31,1700,2,3,1,4,87410,78314.36325,-9095.636747
88.5,7900,2,9,2,5,148220,145816.738,-2403.262034
43.3,9600,3,3,4,5,62660,51093.44204,-11566.55796
89.3,3600,1,2,6,8,159050,174553.488,15503.488
35.1,7600,1,1,4,5,54550,48538.47733,-6011.522673
45.6,4300,2,5,3,7,90710,88953.55483,-1756.445174
27.8,1800,1,1,1,3,62520,71737.28098,9217.280982
65.4,3400,1,3,3,7,146140,131431.6513,-14708.34866
24.4,7800,3,5,1,5,31870,27397.94958,-4472.050422
42.1,200,2,11,3,7,117180,108436.4572,-8743.542763
22.3,2900,2,4,3,7,39400,54551.00094,15151.00094
77.3,9800,1,7,5,7,104770,112973.9458,8203.945765
58,5700,4,6,1,4,78400,103111.6066,24711.60662
35.1,6600,7,10,2,3,56450,54875.89942,-1574.100575
52.2,400,3,4,5,9,150800,125927.6399,-24872.36012
75.4,7800,2,4,3,4,121120,122119.9318,999.9318005
54,3600,2,7,1,5,129070,108991.018,-20078.98205
20.7,6200,1,2,1,2,33470,30665.83799,-2804.16201
41.5,1300,2,2,1,2,84670,100350.9167,15680.91667
38.2,1600,9,9,1,3,83470,92320.6206,8850.6206
47.3,6700,5,6,5,8,76450,76901.1412,451.1411978
55.9,6500,3,3,5,6,74300,94141.35203,19841.35203
50.7,8100,7,7,4,8,60180,74343.54908,14163.54908
20.9,6800,3,10,1,4,36010,27234.84348,-8775.156515
53.2,7400,1,2,1,5,75170,83422.97897,8252.978967
68.2,900,2,7,1,4,138580,152475.6291,13895.62914
27.2,2300,2,3,2,3,63420,67454.19367,4034.193671
66.9,3200,1,4,2,5,135830,135485.0764,-344.923585
48,9900,1,4,3,5,60990,57921.49612,-3068.503878
65.5,6600,6,8,3,5,88910,111337.63,22427.63
21,900,9,9,1,4,54330,64811.36324,10481.36324
22.8,1400,9,12,1,4,49230,64985.78098,15755.78098
39.5,1200,7,8,1,5,76530,97270.07134,20740.07134
57.2,7100,2,2,4,8,100280,92753.38067,-7526.619328
44.8,2100,7,9,4,7,73500,101410.0484,27910.04843
56.8,5900,3,7,4,5,90050,99615.36968,9565.369682
33.6,4200,1,10,1,2,80100,67299.77181,-12800.22819
95,5500,1,4,5,6,113280,173098.9605,59818.9605
58.5,4900,6,9,3,7,96140,109110.1912,12970.19119
35.2,1300,8,10,1,2,101950,88649.96592,-13300.03408
28.5,2500,11,11,1,5,67220,68601.19115,1381.191152
31.3,800,7,12,2,4,60240,84575.23127,24335.23127
54.2,5700,2,7,3,4,84230,96053.8903,11823.8903
74.2,9700,6,7,2,5,122740,107850.0773,-14889.92271
64,7700,2,6,1,4,95820,101580.525,5760.525043
96.2,400,1,1,7,11,272460,207648.5657,-64811.43428
36.3,8200,1,8,4,5,42790,46964.77659,4174.776591
67.1,2800,5,7,1,2,144700,138391.504,-6308.495992
54.1,8200,1,11,1,4,76340,80024.60568,3684.60568
50,500,9,11,5,8,95090,121207.8514,26117.85138
45.7,6700,3,12,1,5,80180,73929.47117,-6250.528833
51.8,2100,5,7,2,5,109390,114411.1048,5021.10481
53,1900,5,9,1,2,122140,117907.3418,-4232.658247
43,200,1,1,1,4,112530,110108.0216,-2421.978371
50.9,3100,6,7,3,4,113560,106402.1183,-7157.88168
82.1,6500,7,11,3,5,136250,142802.4488,6552.448781
23.4,7600,3,11,1,2,43790,26808.14023,-16981.85977
42.7,4900,2,8,1,2,91710,79764.94964,-11945.05036
25.2,1500,2,7,1,4,57500,68809.54381,11309.54381
20.6,1100,10,11,2,3,50290,62800.96131,12510.96131
20.9,8300,3,4,1,5,34420,17728.71034,-16691.28966
92.6,1000,4,10,7,10,191420,197159.8549,5739.854896
34,4700,1,1,1,4,53020,64873.97827,11853.97827
84.5,1400,2,4,1,5,204460,179580.8065,-24879.19347
54,1900,12,12,1,5,129510,119764.6355,-9745.364478
77.3,7700,2,10,2,4,114110,126282.5322,12172.53217
59.4,5800,2,4,5,8,79960,105078.0757,25118.07569
62.3,8300,1,7,5,9,80570,94620.67238,14050.67238
29.8,1000,4,11,3,7,76830,80521.8062,3691.806199
32.9,2300,8,12,4,5,65820,78040.76816,12220.76816
59.3,8200,5,6,3,7,105030,89682.53328,-15347.46672
36,2000,5,5,3,4,59640,85699.60547,26059.60547
61.6,7400,10,10,5,9,101010,99024.24663,-1985.753373
26.1,3400,1,2,1,2,42090,58440.00622,16350.00622
66,7600,3,6,3,6,95990,105928.8548,9938.854791
65.2,5500,8,12,1,5,86150,117751.6062,31601.60618
47,2400,5,9,5,8,116400,103594.8681,-12805.13191
33.7,900,2,2,3,6,95600,88398.99411,-7201.005892
43.8,5200,5,12,2,5,78890,79906.74615,1016.746153
63.8,4200,4,10,2,4,141940,123390.0436,-18549.95637
22.7,3100,1,1,2,5,41280,54026.43403,12746.43403
27.7,7500,1,1,2,6,46490,35428.24565,-11061.75435
21.6,5100,1,6,3,5,31950,39308.56669,7358.56669
96.7,8000,2,4,3,5,126680,160412.8047,33732.80466
56.4,9900,1,4,4,8,86240,73522.76378,-12717.23622
58.8,100,1,1,4,8,136480,140087.0054,3607.00539
24.4,1000,3,4,3,6,64030,70492.41985,6462.419846
49.5,4400,1,3,3,4,109190,95563.25832,-13626.74168
30.4,7700,6,11,3,4,54200,39175.4544,-15024.5456
48.4,9000,4,4,4,6,68860,64368.09352,-4491.906482
51.1,1900,3,8,1,5,123690,114378.4836,-9311.516409
94.3,4900,2,7,3,5,159900,175601.3081,15701.30812
27.8,6000,6,12,2,5,39660,45120.10817,5460.10817
79.8,1000,6,10,2,5,178070,173386.4947,-4683.505348
51.8,7500,1,1,2,5,90390,80189.02548,-10200.97452
91,1500,2,11,6,9,214220,191019.4738,-23200.52618
39.5,8000,2,10,1,3,64050,54175.60107,-9874.398929
35.4,8000,4,11,1,3,58410,46560.69662,-11849.30338
25.8,2300,11,11,1,3,44550,64853.98239,20303.98239
26.2,3500,3,6,2,4,65900,57991.99338,-7908.006615
58.9,5600,1,2,5,9,101720,105416.9132,3696.913227
67.4,4400,4,11,3,7,146940,128808.8168,-18131.18322
55.7,8800,4,4,1,3,79600,79193.82245,-406.1775482
96.8,400,5,5,6,10,285840,208762.942,-77077.05802
48.1,6300,3,5,4,7,77400,80921.94505,3521.945052
81.6,4700,10,11,5,6,130200,153281.1617,23081.16167
68.5,9200,3,8,1,4,120900,100432.2139,-20467.78614
63.8,4200,8,11,2,4,160850,123390.0436,-37459.95637
69.4,8200,3,3,2,6,100060,108441.2003,8381.200347
85.1,6500,1,1,6,10,105310,148374.3301,43064.33009
50.6,1600,1,1,4,6,141670,115351.0633,-26318.93666
69.5,6200,10,10,3,4,125030,121301.7739,-3728.22608
49.7,9100,1,2,2,4,76210,66148.83321,-10061.16679
25.4,6300,2,3,1,5,38080,38761.37649,681.3764945
68.5,200,6,9,5,7,171210,157469.0127,-13740.98726
55.2,5100,4,5,3,7,87880,101713.6373,13833.63733
37.4,9000,4,8,3,7,57980,43937.86206,-14042.13794
23.6,800,4,9,1,3,51070,70274.06925,19204.06925
68.4,2000,1,2,5,9,160110,145875.9236,-14234.07641
67.4,6400,1,8,1,5,96200,116133.9726,19933.97259
57.7,4200,8,8,1,3,95650,112060.5516,16410.55164
99.6,600,2,2,3,7,231270,212695.8801,-18574.11988
69.7,7200,2,4,2,6,123090,115335.8106,-7754.189424
34.2,9600,6,9,1,5,49090,34192.06874,-14897.93126
41.8,100,8,11,3,6,99750,108513.0113,8763.011316
89,3800,1,2,5,7,150900,172728.8155,21828.81545
52.2,9100,3,8,2,3,78790,70792.06763,-7997.932369
37.9,4500,2,8,1,5,94760,73384.90838,-21375.09162
67.6,8300,8,12,5,7,102040,104464.3294,2424.329353
32.9,8300,7,10,1,2,60690,40016.23557,-20673.76443
25.3,8900,6,9,1,2,45040,22098.34966,-22941.65034
54.8,7600,1,2,3,7,95180,85127.16458,-10052.83542
59.2,7400,8,10,2,3,101790,94566.74158,-7223.258419
75.4,1500,5,7,1,2,147980,162045.691,14065.69102
46.7,2800,1,6,3,5,112930,100502.7111,-12427.28888
83.3,6200,1,5,2,3,113870,146932.4279,33062.42793
59.6,1900,2,5,1,5,175970,130165.4806,-45804.51937
35.2,3400,7,9,1,5,89010,75341.37952,-13668.62048
68.1,7100,2,5,1,5,95100,112997.8828,17897.88276
31.2,7800,3,5,1,5,53470,40027.54721,-13442.45279
63.6,5300,6,11,1,3,82530,116047.4206,33517.42057
96.8,5700,1,10,7,9,169270,175174.6049,5904.604865
27.1,2700,5,7,3,6,68370,64733.49546,-3636.504545
77.7,5400,5,8,6,9,106290,141601.5205,35311.5205
42.7,4800,5,11,1,3,80920,80398.69185,-521.3081534
26.4,3500,5,8,2,4,43210,58363.45214,15153.45214
28.3,3300,7,7,1,2,51160,63159.79472,11999.79472
64.4,9800,1,4,3,7,92620,89014.85614,-3605.143856
55.3,3100,1,1,4,7,88690,114574.2109,25884.2109
22.1,6000,10,11,2,4,34380,34533.53369,153.533686
51.7,6800,4,5,3,7,81240,84439.49157,3199.491572
27.3,5500,3,10,1,5,48670,47360.17233,-1309.827666
48.4,500,8,10,2,6,135270,118236.1814,-17033.81865
35,300,10,11,1,2,85420,94615.92927,9195.929267
39.1,6100,4,4,1,4,46130,65473.78555,19343.78555
36.5,8200,2,2,1,2,47630,47336.23534,-293.7646554
59.4,1000,1,1,2,6,133320,135497.7018,2177.701763
88,8900,3,7,5,8,164100,138550.669,-25549.33102
29,900,4,5,2,4,60910,79669.71339,18759.71339
68.6,5200,10,12,4,5,110980,125967.6316,14987.63163
41,1700,4,6,1,5,113610,96887.30094,-16722.69906
75.9,5100,3,5,5,6,128920,140159.6184,11239.61835
21.7,8300,2,10,1,3,35660,19214.54535,-16445.45465
49,1200,4,6,1,2,128660,114914.3621,-13745.63785
41.8,7800,4,4,2,6,53080,59714.86116,6634.86116
21.9,1900,7,12,2,4,46410,60145.50553,13735.50553
46.7,5500,4,4,5,8,68800,83391.67145,14591.67145
84.9,8100,10,10,5,8,134550,137862.996,3312.995977
51.4,8400,4,10,1,5,92630,73742.42808,-18887.57192
86.3,900,5,6,6,10,182440,186092.6464,3652.646361
64.1,5800,2,2,1,3,84970,113807.3564,28837.35641
45.4,2100,1,6,2,3,80610,102524.4247,21914.42469
43.9,8600,2,12,2,5,71140,58545.2404,-12594.7596
88,900,1,12,1,3,228490,189250.0458,-39239.95423
37.1,2500,2,11,3,7,71080,84573.91757,13493.91757
24.8,4600,2,8,3,4,42780,48420.6178,5640.6178
46.5,6400,1,2,5,9,72480,77316.53281,4836.532812
28.9,9300,6,8,3,7,52760,26249.63839,-26510.36161
49.2,2400,1,3,3,5,115430,107680.9144,-7749.085619
53.6,4900,1,3,5,9,102790,100009.4517,-2780.54828
34,4700,4,7,4,5,84040,64873.97827,-19166.02173
98.5,5400,2,3,2,3,173130,180233.2309,7103.230902
36.7,800,10,12,3,5,88690,94604.61762,5914.617625
43.3,7300,8,9,1,2,75520,65669.51286,-9850.487137
48.2,2700,4,12,1,2,89470,103922.394,14452.39398
83,7300,1,7,5,7,101360,139404.0755,38044.07549
22.8,8000,5,9,3,6,33700,23158.79513,-10541.20487
29.3,2000,1,12,1,4,52260,73255.73722,20995.73722
20.9,9000,5,5,3,5,28610,13292.51487,-15317.48513
40.1,4800,3,4,1,3,67050,75569.72805,8519.728047
51.1,9000,1,6,5,8,80250,69382.78669,-10867.21331
97,6300,5,5,6,8,147360,171743.6104,24383.61036
59.4,800,3,5,3,7,159750,136765.1862,-22984.81382
47.2,4400,6,8,3,7,77390,91291.48265,13901.48265
49.3,3600,2,8,1,5,119660,100261.7372,-19398.26276
65,300,1,1,3,4,186960,150334.7423,-36625.25766
56.9,5600,2,12,4,5,105730,101702.3257,-4027.674311
74.8,100,9,10,4,6,172130,169803.7057,-2326.294305
56.6,5800,1,7,1,4,73250,99877.65314,26627.65314
69.6,7900,3,8,1,4,104130,110713.8857,6583.88573
35.7,3300,4,4,4,5,73440,76903.76861,3463.76861
93.8,5900,7,10,2,6,172420,168335.2391,-4084.760862
36,8800,1,3,1,2,51580,42605.1352,-8974.864799
28.5,7100,9,10,3,6,45140,39449.0495,-5690.9505
41.8,2200,3,11,2,5,84970,95204.42491,10234.42491
48.7,7300,1,3,1,5,65080,75698.89922,10618.89922
65.1,9200,6,12,4,5,101300,94117.41504,-7182.584958
75.8,4700,4,6,5,6,171810,142508.8578,-29301.14219
53.9,7800,1,1,1,5,72320,82188.11577,9868.115766
93.8,1200,5,5,7,10,230630,198121.123,-32508.877
20.3,8900,1,11,1,3,30580,12811.88082,-17768.11918
86.5,9700,7,7,6,9,111480,130694.7907,19214.79065
45.1,8800,5,7,1,3,84190,59506.5085,-24683.4915
95.1,5600,9,10,5,9,147890,172650.9477,24760.94767
69.4,5800,11,11,1,5,81760,123651.0134,41891.01338
55.7,3600,4,4,2,6,89430,112148.4174,22718.41736
27,5200,11,12,1,5,33820,48704.21083,14884.21083
66.3,8700,2,5,1,3,92710,99514.87861,6804.878614
49.2,6100,1,10,3,4,85320,84232.45262,-1087.547382
64.8,8300,3,7,4,5,114130,99263.9068,-14866.0932
25.9,2700,9,11,2,4,55580,62504.74293,6924.742932
42.1,8300,6,11,3,4,61590,57103.33824,-4486.661758
38.8,6100,2,8,1,3,70730,64916.59742,-5813.40258
66.4,800,4,5,1,4,168580,149766.2426,-18813.75743
67.2,800,5,9,1,2,181170,151252.0776,-29917.92242
99.5,7200,1,3,5,9,147570,170683.1649,23113.16489
58.3,7500,8,8,3,4,87990,92261.43498,4271.434979
38.4,4200,4,5,3,4,75820,76214.7819,394.7818985
61.7,3700,4,12,1,5,137800,122658.4378,-15141.56223
32.5,900,1,9,1,5,67150,86170.24158,19020.24158
40.8,9200,6,8,1,2,51120,48985.17645,-2134.823547
93.1,5900,5,5,7,9,129950,167035.1335,37085.1335
38.7,8900,5,5,1,4,52900,46986.08617,-5913.913832
52.2,2100,6,7,4,7,84000,115154.0223,31154.02232
63.5,6500,4,5,1,3,82980,108256.7847,25276.78468
64.7,5200,1,1,5,9,76330,118724.1859,42394.18593
48.5,2500,2,3,2,6,84940,105747.0665,20807.06653
86.3,5100,2,3,2,5,101590,159475.4735,57885.47355
53.6,3500,1,1,2,3,119340,108881.8427,-10458.15734
31.8,9000,1,3,3,4,40380,33537.01695,-6842.983049
38.8,6400,2,4,2,6,56980,63015.37079,6035.37079
23.9,5600,4,7,1,2,34230,40411.63131,6181.63131
66.8,9500,5,7,4,7,86550,95373.58782,8823.58782
73.3,7100,7,7,2,5,100270,122655.8104,22385.81035
40.3,7300,10,10,3,4,66120,60097.63156,-6022.368445
38.9,600,5,5,4,8,100300,99958.14834,-341.8516636
27.5,3300,4,7,2,5,52900,61673.9597,8773.959704
58.3,3600,1,2,3,7,133580,116977.3812,-16602.61884
27.9,8300,2,2,1,5,37260,30729.76672,-6530.233279
22,4000,8,10,2,5,51680,47022.64851,-4657.351495
30.1,4900,2,2,2,6,49650,56363.04815,6713.048147
88.1,2600,2,12,6,8,187560,178662.1576,-8897.842422
24,4000,9,10,1,5,45610,50737.23604,5127.236044
33.4,100,8,8,2,4,102560,92911.74366,-9648.256344
40.9,2300,2,2,1,3,63970,92899.11831,28929.11831
63.5,8800,1,1,3,7,98180,93680.71385,-4499.28615
52.1,200,9,10,2,6,161480,127009.3949,-34470.60507
21.3,900,1,5,3,5,53350,65368.55137,12018.55137
29.1,5300,2,9,1,4,53760,51970.78554,-1789.214462
89.8,6400,4,7,5,9,118060,157737.353,39677.35301
47.3,400,7,8,3,5,127410,116826.9004,-10583.09958
82,2600,2,4,1,2,150260,167332.6656,17072.66559
54.3,8500,5,8,2,6,72160,78494.8378,6334.837805
81,4400,5,10,2,4,167590,154068.012,-13521.98796
25.5,3300,5,6,3,4,48470,57959.37217,9489.372166
33,8400,9,10,1,4,50340,39568.22273,-10771.77727
41,4700,7,9,1,4,80580,77875.03465,-2704.965351
68.8,700,1,2,1,4,125940,154857.4898,28917.48982
52.4,800,2,12,3,4,157800,123764.1298,-34035.8702
88.5,8400,5,8,5,7,151920,142648.0269,-9271.973084
61.1,1100,1,11,2,4,148080,138021.359,-10058.64104
85.9,6900,9,11,6,7,108940,147325.1963,38385.19626
37.7,2600,4,9,2,3,69010,85054.55162,16044.55162
55.1,5300,2,7,1,5,74950,100260.4235,25310.42353
34.3,6600,5,5,4,8,40500,53390.06441,12890.06441
84.1,6000,1,6,5,8,119430,149685.7474,30255.74737
43.4,8800,1,7,1,4,75650,56349.10909,-19300.89091
48.1,6000,3,12,1,2,69310,82823.17168,13513.17168
49.8,3500,6,11,1,3,107010,101824.1263,-5185.873665
78.3,7500,7,11,6,10,100560,129407.3104,28847.31036
67.7,200,2,8,4,6,172550,155983.1777,-16566.82228
96.7,2900,7,10,6,10,217160,192733.6574,-24426.34264
28.7,200,3,11,2,6,78350,83548.72073,5198.720731
59.5,5900,8,8,1,5,86750,104630.0629,17880.06286
64.8,2700,1,4,1,3,99430,134753.4705,35323.47055
75.4,8100,3,7,3,6,138240,120218.7052,-18021.29483
66.5,8000,4,6,3,7,117310,104322.5328,-12987.46716
25.3,1700,2,4,2,6,61360,67727.78877,6367.788769
29.4,300,4,11,3,4,87720,84215.08416,-3504.91584
35.4,7900,1,1,1,4,55850,47194.43883,-8655.561172
33.7,4700,1,1,1,2,80790,64316.79013,-16473.20987
63.1,6500,1,5,4,6,111640,107513.8672,-4126.132831
65.5,5900,2,4,2,3,88230,115773.8255,27543.82547
86.1,6300,11,12,1,3,145680,151499.1083,5819.108277
38.8,8100,6,7,2,6,64670,52241.75322,-12428.24678
80.8,6500,1,6,4,5,124350,140387.9669,16037.96688
42.7,9900,2,6,3,5,64490,48077.83915,-16412.16085
43.2,9700,3,5,1,2,78220,50273.97045,-27946.02955
28.2,5400,2,10,1,4,51620,49665.47894,-1954.521064
70.4,6700,1,3,5,8,96430,119804.6273,23374.62726
66,9900,2,3,2,4,81550,91352.78397,9802.783965
32.9,1700,4,4,1,2,64250,81843.22141,17593.22141
62.9,3700,4,4,1,2,98210,124887.1903,26677.19029
87.3,7900,2,2,5,6,103390,143587.9854,40197.98544
21.7,1600,1,4,1,3,47430,61675.27341,14245.27341
97.9,8200,10,12,7,8,152990,161374.0728,8384.072765
50.6,8000,1,2,2,5,77500,74791.56191,-2708.438092
87.6,8400,3,3,6,10,106350,140976.4625,34626.46252
34.5,1800,1,5,3,6,87840,84181.14923,-3658.850765
80.7,1700,1,1,3,4,206700,170621.8636,-36078.13642
39.5,2900,5,10,4,5,84690,86496.45377,1806.453772
43.7,6100,7,8,1,2,56550,74017.33689,17467.33689
32.6,8100,5,7,1,4,51780,40726.53186,-11053.46814
86,2000,2,7,3,4,176550,178564.2939,2014.293922
57.9,2100,6,7,1,2,130170,125740.5968,-4429.403199
45.4,3200,3,4,1,2,80570,95553.26038,14983.26038
28.7,900,3,6,1,5,69630,79112.52526,9482.525262
40.6,400,1,1,3,7,110860,104383.0322,-6476.967837
36.7,4300,2,10,2,4,74820,72423.64028,-2396.359719
82.2,4700,7,7,5,7,155650,154395.5379,-1254.462065
57.9,8900,6,8,1,5,73320,82646.12653,9326.126534
64.3,5900,1,1,1,3,82580,113545.073,30965.07295
61.1,9100,9,10,4,5,108880,87321.98218,-21558.01782
58.3,9700,6,11,5,9,96920,78319.10636,-18600.89364
33.6,9400,2,7,1,2,51550,34345.1769,-17204.8231
61.5,5700,3,5,4,6,116730,109612.1348,-7117.865183
45.7,8600,6,9,4,6,65990,61888.36918,-4101.630819
60.2,4100,1,1,4,6,124120,117337.5283,-6782.471726
31.4,4100,5,6,1,2,60130,63847.46772,3717.467725
25.5,8400,7,7,1,5,34240,25638.51947,-8601.480535
23,5900,9,12,2,5,40240,36838.84029,-3401.159712
38.3,3700,1,9,2,6,77000,79197.76357,2197.763571
49.9,1900,4,5,3,5,112360,112149.7311,-210.2689315
83.2,6200,4,8,6,9,155390,146746.6986,-8643.301444
50.9,2600,1,6,1,4,106870,109570.8294,2700.829369
51.9,100,1,11,1,5,135310,127271.6784,-8038.321617
34.6,4100,8,12,2,3,79540,69790.80779,-9749.192214
53.7,9700,3,4,5,6,92500,69775.55503,-22724.44497
66.7,7300,1,1,2,5,116450,109130.1871,-7319.812941
69.6,3700,4,7,4,7,135140,137331.0585,2191.058542
26.9,600,2,4,2,6,76250,77670.62311,1420.623108
42.4,6600,6,6,1,4,73340,68434.14394,-4905.856061
69.2,3000,2,7,5,6,149030,141024.3365,-8005.663496
47.1,9600,5,9,4,8,76020,58151.15836,-17868.84164
31.5,4500,1,3,3,4,56720,61498.22826,4778.228262
92.4,3100,2,11,6,8,222340,183479.8097,-38860.19026
45.2,9500,6,10,3,7,70370,55256.04241,-15113.95759
60.8,1000,3,9,4,8,153170,138097.913,-15072.08696
40.3,1700,1,1,2,6,102820,95587.19531,-7232.804695
94,7800,4,5,6,7,142120,156665.5959,14545.59591
25.7,5600,11,11,3,5,31080,43754.76009,12674.76009
93.2,5500,2,9,5,8,151930,169755.8317,17825.83172
24.9,2800,1,3,2,6,57840,60013.70695,2173.706954
35.7,3500,2,5,1,3,66160,75636.28419,9476.284191
68.4,600,4,5,1,2,155250,154748.3145,-501.6854761
70.8,1200,1,2,2,3,183130,155403.3663,-27726.63369
35.6,2700,1,3,1,2,68750,80520.49249,11770.49249
55.9,5600,1,5,2,5,92460,99845.03192,7385.03192
65,8000,8,12,1,4,110770,101536.5922,-9233.407817
92.7,3000,1,2,6,8,202060,184670.7401,-17389.25992
67.9,9400,5,11,3,4,111910,98050.35318,-13859.64682
36.9,2100,5,5,1,5,81690,86737.42765,5047.427651
36.1,5300,10,10,1,4,57340,64971.84192,7631.841922
64,6500,4,10,2,5,113200,109185.4316,-4014.568439
27.9,6500,1,1,3,4,45040,42137.1265,-2902.873502
82.7,1900,4,4,6,7,167020,173068.9667,6048.966694
66.9,5300,3,3,3,6,100910,122176.49,21266.49001
93.4,8900,2,8,2,4,160330,148580.0553,-11749.94466
29.3,7300,3,12,1,2,39410,39667.4001,257.4000957
84.2,5200,2,3,6,8,106540,154941.4144,48401.41442
20.6,600,6,8,1,3,41870,65969.67236,24099.67236
89.2,1500,5,12,5,7,174310,187676.345,13366.34503
64.4,3700,7,7,5,8,149940,127673.1309,-22266.86906
62.9,4100,1,1,2,4,97990,122352.2215,24362.22145
64.3,1300,3,3,1,3,118400,142697.2146,24297.2146
63.7,4400,5,5,1,3,148020,121936.8298,-26083.17016
59.5,1800,5,8,4,5,157420,130613.4935,-26806.50654
21.3,2300,1,1,1,2,45850,56496.16043,10646.16043
33,9300,1,2,3,7,54230,33864.54284,-20365.45716
44.7,6800,2,2,2,5,65570,71438.43519,5868.435188
29.4,8500,1,4,3,5,51990,32248.22295,-19741.77705
